Format,pluribusunum
_beginpeers
http://galaxies.mygamesonline.org/receiver.csv
http://devcoinpool.btc-music.com/receiver/receiver.csv
http://devcoinblockexplorer.info/receiver/receiver.csv
http://devtome.com/files/receiver.csv
http://devcoin.darkgamex.ch/receiver.csv
http://d.evco.in/receiver/receiver.csv
http://show-me-the-devcoin.info/devtome/receiver.csv
http://coinfaucets.tk/receiver.csv
http://creativecurrencies.cu.cc/wp-content/uploads/receiver.csv
_endpeers
_begincoins
14yjANv2HYZyWgX6iyHm2a1s2piNWzg7tc
1GixPRcADerY4KoM6FUKiW4NNgpngshvZ4
17WNPSjjBxQF7gkQiFNe1yoZ1DaSgztM7K
1N6SqcHmzSzs1cCe4wEt7Mo84m2p74stts
1CfWWyDNUeioJc7TBnqDBDyQKJUYwT7S2Z
1JvdsgxiJQYAJSE4Tjs3BWbXZk6Kw9mxnB
1AXm1qkZZK8QByuPtFA5RFbRKXkf5xGhA5
1SMEAGqpm9JSpJ6JZaM5dEBptPTNahpFa
16efV75hHY4Z8x1zLxHPjBU4sAucpDK4Vs
1EgZsQ6zxrA5bCtMMR1uWAcjfqt7n8GNRJ
1M77B5gC242QJogTwn62oASgz8j8d79M2U
1C7NxZ4hbt5VHwpBQyLjmQraKHTEi1SN9i
13mtCyZTnMJRJw9nt7xqbiGU7tXrvkeAJB
1Hcx2ZWSA1nrp3HgAq8CFu4vyUzo1WAQCc
1A9qwtctYmYrCKSegy7RrNCUJxuohwFQmD
1NGCrVaFXanWib44ijNBR8yBoCAREGpXro
1DKhy7jj8oB53iGZYrWzDSfcVoKHjsuxaa
1LNL1Zrg5h2z8m9c48fgdMx2uXmN3S5Kch
167fASsEEnKszkd8PdNRMB1HWTnxcNRgbR
1AYNWHyhakgigfVaEYx1h87o1mjksWcnkH
1F5uDaCF8ZP6kiLHvDhWsSNPHP6kwt7udi
17WNPSjjBxQF7gkQiFNe1yoZ1DaSgztM7K
1MPPHP3TLvD4mph9z1GpM5BamB5Pcx5HuT
1C7NxZ4hbt5VHwpBQyLjmQraKHTEi1SN9i
1JPR1KXGEcUYRReho3KSMMLvmtYpgC5xJc
1AXm1qkZZK8QByuPtFA5RFbRKXkf5xGhA5
1PT6X8xhyxQC1zGTuWzcHwB7iTEZHZGV71
1EZPbtmx7YiDfM2YVThbrbEgC6b86SqFL9
16GGzGGsTtzvUdTHoWFJtWXXWdpPWwxr3u
1LpoMowMPEVWk2LaJUdAUNaK7gBDRA1r7F
1C7NxZ4hbt5VHwpBQyLjmQraKHTEi1SN9i
13uzim3VkT6YSEGsUA7KxKkimepsaLF7ZE
1GixPRcADerY4KoM6FUKiW4NNgpngshvZ4
1N6SqcHmzSzs1cCe4wEt7Mo84m2p74stts
18VxknkRnvGULt3o76yoXSEpEFYKP7YY4J
1CfWWyDNUeioJc7TBnqDBDyQKJUYwT7S2Z
1KmDbkBGYzotq6aVf981H6aN2F5nc1SXdQ
1AYNWHyhakgigfVaEYx1h87o1mjksWcnkH
1SMEAGqpm9JSpJ6JZaM5dEBptPTNahpFa
16efV75hHY4Z8x1zLxHPjBU4sAucpDK4Vs
1EpJKJbpeoXnYGtoB8F6re78FMAtvNRWMf
1MJ21NMydr9dNu65tga6oBDa6coiq3bRXz
1C7NxZ4hbt5VHwpBQyLjmQraKHTEi1SN9i
12RuaN5UvZYkMn4BiiS4mMoffe3mgjzZMU
1Hcx2ZWSA1nrp3HgAq8CFu4vyUzo1WAQCc
1ASdsZ1JUwtVXDfYBx7MRNMeHQ8J51pSRw
1NNnUkWk29x6PBMyUpRDXv4dEMNrw5qjWY
1DKhy7jj8oB53iGZYrWzDSfcVoKHjsuxaa
167fASsEEnKszkd8PdNRMB1HWTnxcNRgbR
1LNL1Zrg5h2z8m9c48fgdMx2uXmN3S5Kch
1AyjX2QpTYFnmMFnzD3A2sqosfrrMuKbcz
17WNPSjjBxQF7gkQiFNe1yoZ1DaSgztM7K
1Fd2fo3VYSAjUr2uXNCfoSRSeWcGX9x5Ge
1Mnd6HGYcoNryKT2bkaT55BPsVK1a8o49u
1CfWWyDNUeioJc7TBnqDBDyQKJUYwT7S2Z
1JvdsgxiJQYAJSE4Tjs3BWbXZk6Kw9mxnB
13mtCyZTnMJRJw9nt7xqbiGU7tXrvkeAJB
1Q4siL9KD2W8cy5eguRr5z5R1iCca27Qqv
1AXm1qkZZK8QByuPtFA5RFbRKXkf5xGhA5
1EZPbtmx7YiDfM2YVThbrbEgC6b86SqFL9
1LpoMowMPEVWk2LaJUdAUNaK7gBDRA1r7F
16efV75hHY4Z8x1zLxHPjBU4sAucpDK4Vs
1C7NxZ4hbt5VHwpBQyLjmQraKHTEi1SN9i
1Hcx2ZWSA1nrp3HgAq8CFu4vyUzo1WAQCc
18xskifRMWUtMzbHSzQi7rEWF5upmktgF2
1N6SqcHmzSzs1cCe4wEt7Mo84m2p74stts
15szdWSCEVAvXVEKsrEtcKNtCfmo69drZ9
1CfWWyDNUeioJc7TBnqDBDyQKJUYwT7S2Z
1LHVxAkzcN8BzSdrT7J2W3CCpiz5Rgj72E
1AYNWHyhakgigfVaEYx1h87o1mjksWcnkH
1F5uDaCF8ZP6kiLHvDhWsSNPHP6kwt7udi
17WNPSjjBxQF7gkQiFNe1yoZ1DaSgztM7K
1MPPHP3TLvD4mph9z1GpM5BamB5Pcx5HuT
1C7NxZ4hbt5VHwpBQyLjmQraKHTEi1SN9i
1JPR1KXGEcUYRReho3KSMMLvmtYpgC5xJc
1ASdsZ1JUwtVXDfYBx7MRNMeHQ8J51pSRw
1PT6X8xhyxQC1zGTuWzcHwB7iTEZHZGV71
16DV7iL8wVyozq973rj2qA3Zw4r7mvnAKc
1ERn5JRTm5P47LzhiLCbKtduwj9M3cPE81
1LNL1Zrg5h2z8m9c48fgdMx2uXmN3S5Kch
1BXH2Xida1orS5GpXdniMrwZFbi5iznM92
13uzim3VkT6YSEGsUA7KxKkimepsaLF7ZE
1GixPRcADerY4KoM6FUKiW4NNgpngshvZ4
1N6SqcHmzSzs1cCe4wEt7Mo84m2p74stts
17vec4jQGCzMEsTnivizHPaowE715tu2CB
1CfWWyDNUeioJc7TBnqDBDyQKJUYwT7S2Z
1KmDbkBGYzotq6aVf981H6aN2F5nc1SXdQ
1AXm1qkZZK8QByuPtFA5RFbRKXkf5xGhA5
1SMEAGqpm9JSpJ6JZaM5dEBptPTNahpFa
1Emfox1WswYcd2YucUskRzqfRWKkcm1Jut
16efV75hHY4Z8x1zLxHPjBU4sAucpDK4Vs
1MJ21NMydr9dNu65tga6oBDa6coiq3bRXz
1C7NxZ4hbt5VHwpBQyLjmQraKHTEi1SN9i
126VZtqifE91nrBsXRkjZRMkTTvSTEMHPC
1Hcx2ZWSA1nrp3HgAq8CFu4vyUzo1WAQCc
1ASdsZ1JUwtVXDfYBx7MRNMeHQ8J51pSRw
1NNnUkWk29x6PBMyUpRDXv4dEMNrw5qjWY
1DKhy7jj8oB53iGZYrWzDSfcVoKHjsuxaa
1LNL1Zrg5h2z8m9c48fgdMx2uXmN3S5Kch
167fASsEEnKszkd8PdNRMB1HWTnxcNRgbR
1AYNWHyhakgigfVaEYx1h87o1mjksWcnkH
1F5uDaCF8ZP6kiLHvDhWsSNPHP6kwt7udi
17WNPSjjBxQF7gkQiFNe1yoZ1DaSgztM7K
1MPPHP3TLvD4mph9z1GpM5BamB5Pcx5HuT
1C7NxZ4hbt5VHwpBQyLjmQraKHTEi1SN9i
1JvdsgxiJQYAJSE4Tjs3BWbXZk6Kw9mxnB
1AXm1qkZZK8QByuPtFA5RFbRKXkf5xGhA5
1PT6X8xhyxQC1zGTuWzcHwB7iTEZHZGV71
16GGzGGsTtzvUdTHoWFJtWXXWdpPWwxr3u
1EZPbtmx7YiDfM2YVThbrbEgC6b86SqFL9
1LpoMowMPEVWk2LaJUdAUNaK7gBDRA1r7F
1C7NxZ4hbt5VHwpBQyLjmQraKHTEi1SN9i
12RuaN5UvZYkMn4BiiS4mMoffe3mgjzZMU
1GixPRcADerY4KoM6FUKiW4NNgpngshvZ4
1N6SqcHmzSzs1cCe4wEt7Mo84m2p74stts
18c1UyaQewaUTnD4KzmayqY6JdMaQtcQxw
1CfWWyDNUeioJc7TBnqDBDyQKJUYwT7S2Z
1Ks4roXAZj45sXRsWMfGqmAPmDoWZ9TAko
1AYNWHyhakgigfVaEYx1h87o1mjksWcnkH
1pK5e7YxixmERU617STiXgiGdnactBQrT
14yjANv2HYZyWgX6iyHm2a1s2piNWzg7tc
1F5uDaCF8ZP6kiLHvDhWsSNPHP6kwt7udi
1MJ21NMydr9dNu65tga6oBDa6coiq3bRXz
1C7NxZ4hbt5VHwpBQyLjmQraKHTEi1SN9i
16efV75hHY4Z8x1zLxHPjBU4sAucpDK4Vs
1Hcx2ZWSA1nrp3HgAq8CFu4vyUzo1WAQCc
1ASdsZ1JUwtVXDfYBx7MRNMeHQ8J51pSRw
1NtbgQ61TH579orJQEpAZ4zGvgyzLX4L39
167fASsEEnKszkd8PdNRMB1HWTnxcNRgbR
1DogCa5wiVZJWFnFDezuw5XssoWWabijnE
1LNL1Zrg5h2z8m9c48fgdMx2uXmN3S5Kch
1BXH2Xida1orS5GpXdniMrwZFbi5iznM92
13mtCyZTnMJRJw9nt7xqbiGU7tXrvkeAJB
1GJt2nDUrVinYyDFJuWMkkK1Urod5nH72F
1N6SqcHmzSzs1cCe4wEt7Mo84m2p74stts
17WNPSjjBxQF7gkQiFNe1yoZ1DaSgztM7K
1CfWWyDNUeioJc7TBnqDBDyQKJUYwT7S2Z
1JvdsgxiJQYAJSE4Tjs3BWbXZk6Kw9mxnB
1AXm1qkZZK8QByuPtFA5RFbRKXkf5xGhA5
1Q4siL9KD2W8cy5eguRr5z5R1iCca27Qqv
1EZPbtmx7YiDfM2YVThbrbEgC6b86SqFL9
16efV75hHY4Z8x1zLxHPjBU4sAucpDK4Vs
1LpoMowMPEVWk2LaJUdAUNaK7gBDRA1r7F
1C7NxZ4hbt5VHwpBQyLjmQraKHTEi1SN9i
12RuaN5UvZYkMn4BiiS4mMoffe3mgjzZMU
1Hcx2ZWSA1nrp3HgAq8CFu4vyUzo1WAQCc
1A7mEa8zufBg2ajkQU8uezFKVvaxEqXr3g
1N6SqcHmzSzs1cCe4wEt7Mo84m2p74stts
1Cy9e1Yuwboj63XRkMkT6W6YsGDtYDrsUp
1LNL1Zrg5h2z8m9c48fgdMx2uXmN3S5Kch
1AYNWHyhakgigfVaEYx1h87o1mjksWcnkH
161J2C45hLh6SecXoRBMbbPGJAv7VdkfEK
1F5uDaCF8ZP6kiLHvDhWsSNPHP6kwt7udi
1MPPHP3TLvD4mph9z1GpM5BamB5Pcx5HuT
17WNPSjjBxQF7gkQiFNe1yoZ1DaSgztM7K
1C7NxZ4hbt5VHwpBQyLjmQraKHTEi1SN9i
1JPR1KXGEcUYRReho3KSMMLvmtYpgC5xJc
1ASdsZ1JUwtVXDfYBx7MRNMeHQ8J51pSRw
1PT6X8xhyxQC1zGTuWzcHwB7iTEZHZGV71
1EZPbtmx7YiDfM2YVThbrbEgC6b86SqFL9
1LpoMowMPEVWk2LaJUdAUNaK7gBDRA1r7F
16GGzGGsTtzvUdTHoWFJtWXXWdpPWwxr3u
1C7NxZ4hbt5VHwpBQyLjmQraKHTEi1SN9i
1GixPRcADerY4KoM6FUKiW4NNgpngshvZ4
17vec4jQGCzMEsTnivizHPaowE715tu2CB
1N6SqcHmzSzs1cCe4wEt7Mo84m2p74stts
1CfWWyDNUeioJc7TBnqDBDyQKJUYwT7S2Z
13uzim3VkT6YSEGsUA7KxKkimepsaLF7ZE
1KmDbkBGYzotq6aVf981H6aN2F5nc1SXdQ
1SMEAGqpm9JSpJ6JZaM5dEBptPTNahpFa
1AYNWHyhakgigfVaEYx1h87o1mjksWcnkH
1EpJKJbpeoXnYGtoB8F6re78FMAtvNRWMf
16efV75hHY4Z8x1zLxHPjBU4sAucpDK4Vs
1MJ21NMydr9dNu65tga6oBDa6coiq3bRXz
1C7NxZ4hbt5VHwpBQyLjmQraKHTEi1SN9i
13mtCyZTnMJRJw9nt7xqbiGU7tXrvkeAJB
1Hcx2ZWSA1nrp3HgAq8CFu4vyUzo1WAQCc
1NNnUkWk29x6PBMyUpRDXv4dEMNrw5qjWY
1ASdsZ1JUwtVXDfYBx7MRNMeHQ8J51pSRw
1DKhy7jj8oB53iGZYrWzDSfcVoKHjsuxaa
1LNL1Zrg5h2z8m9c48fgdMx2uXmN3S5Kch
1Ahu957fXXwhJ5LqmpxMFHVWwSQ7h4PkXb
167fASsEEnKszkd8PdNRMB1HWTnxcNRgbR
1F5uDaCF8ZP6kiLHvDhWsSNPHP6kwt7udi
17WNPSjjBxQF7gkQiFNe1yoZ1DaSgztM7K
1MURVDK8ySKzjweEKVL71cFbbfSiEn3eQF
1CJSRunQtPQsiZRK7vznyeCfyDTb2kxGA8
1JvdsgxiJQYAJSE4Tjs3BWbXZk6Kw9mxnB
1AXm1qkZZK8QByuPtFA5RFbRKXkf5xGhA5
1Pz1K3res89p4GF3N26gz93CzbyWUcjEAb
1EZPbtmx7YiDfM2YVThbrbEgC6b86SqFL9
16GGzGGsTtzvUdTHoWFJtWXXWdpPWwxr3u
1LpoMowMPEVWk2LaJUdAUNaK7gBDRA1r7F
1C7NxZ4hbt5VHwpBQyLjmQraKHTEi1SN9i
121Pb2BBrU7C61vBdWCKVuFFmaEZr6xFAX
1HAXbT4oDvnqH4no64bhttnEdmaHzpxbaH
1N6SqcHmzSzs1cCe4wEt7Mo84m2p74stts
18xskifRMWUtMzbHSzQi7rEWF5upmktgF2
1CfWWyDNUeioJc7TBnqDBDyQKJUYwT7S2Z
1LHVxAkzcN8BzSdrT7J2W3CCpiz5Rgj72E
1AYNWHyhakgigfVaEYx1h87o1mjksWcnkH
15QBmuWuviM3ZUGtJcukpytpZxvdjiPkCA
1F5uDaCF8ZP6kiLHvDhWsSNPHP6kwt7udi
1MPPHP3TLvD4mph9z1GpM5BamB5Pcx5HuT
16u9sAACz2dENfCaV9ZDXeiHPifvjdxikn
1C7NxZ4hbt5VHwpBQyLjmQraKHTEi1SN9i
1JBMattRztKDF2KRS3vhjJXA7h47NEsn2c
1NtbgQ61TH579orJQEpAZ4zGvgyzLX4L39
1ASdsZ1JUwtVXDfYBx7MRNMeHQ8J51pSRw
1ERn5JRTm5P47LzhiLCbKtduwj9M3cPE81
1LNL1Zrg5h2z8m9c48fgdMx2uXmN3S5Kch
1BXH2Xida1orS5GpXdniMrwZFbi5iznM92
167fASsEEnKszkd8PdNRMB1HWTnxcNRgbR
1GixPRcADerY4KoM6FUKiW4NNgpngshvZ4
17vec4jQGCzMEsTnivizHPaowE715tu2CB
1N6SqcHmzSzs1cCe4wEt7Mo84m2p74stts
1CfWWyDNUeioJc7TBnqDBDyQKJUYwT7S2Z
1KHAL8bUjnkMRMg9yd2dNrYnJgZGH8Nj6T
1AXm1qkZZK8QByuPtFA5RFbRKXkf5xGhA5
1SMEAGqpm9JSpJ6JZaM5dEBptPTNahpFa
16efV75hHY4Z8x1zLxHPjBU4sAucpDK4Vs
1Emfox1WswYcd2YucUskRzqfRWKkcm1Jut
1M77B5gC242QJogTwn62oASgz8j8d79M2U
1C7NxZ4hbt5VHwpBQyLjmQraKHTEi1SN9i
13uzim3VkT6YSEGsUA7KxKkimepsaLF7ZE
1Hcx2ZWSA1nrp3HgAq8CFu4vyUzo1WAQCc
1ARVXWVKGPPYPVVwT1Fmy8UzVDSvNe6anh
1NGCrVaFXanWib44ijNBR8yBoCAREGpXro
1DKhy7jj8oB53iGZYrWzDSfcVoKHjsuxaa
167fASsEEnKszkd8PdNRMB1HWTnxcNRgbR
1LNL1Zrg5h2z8m9c48fgdMx2uXmN3S5Kch
1AYNWHyhakgigfVaEYx1h87o1mjksWcnkH
1F5uDaCF8ZP6kiLHvDhWsSNPHP6kwt7udi
17WNPSjjBxQF7gkQiFNe1yoZ1DaSgztM7K
1MPPHP3TLvD4mph9z1GpM5BamB5Pcx5HuT
1C7NxZ4hbt5VHwpBQyLjmQraKHTEi1SN9i
1JPR1KXGEcUYRReho3KSMMLvmtYpgC5xJc
1AXm1qkZZK8QByuPtFA5RFbRKXkf5xGhA5
1PT6X8xhyxQC1zGTuWzcHwB7iTEZHZGV71
16GGzGGsTtzvUdTHoWFJtWXXWdpPWwxr3u
1EZPbtmx7YiDfM2YVThbrbEgC6b86SqFL9
1LpoMowMPEVWk2LaJUdAUNaK7gBDRA1r7F
1C7NxZ4hbt5VHwpBQyLjmQraKHTEi1SN9i
12RuaN5UvZYkMn4BiiS4mMoffe3mgjzZMU
1GixPRcADerY4KoM6FUKiW4NNgpngshvZ4
18VxknkRnvGULt3o76yoXSEpEFYKP7YY4J
1N6SqcHmzSzs1cCe4wEt7Mo84m2p74stts
1CfWWyDNUeioJc7TBnqDBDyQKJUYwT7S2Z
1Ks4roXAZj45sXRsWMfGqmAPmDoWZ9TAko
1AYNWHyhakgigfVaEYx1h87o1mjksWcnkH
1pK5e7YxixmERU617STiXgiGdnactBQrT
13uzim3VkT6YSEGsUA7KxKkimepsaLF7ZE
1F5uDaCF8ZP6kiLHvDhWsSNPHP6kwt7udi
1MJ21NMydr9dNu65tga6oBDa6coiq3bRXz
16efV75hHY4Z8x1zLxHPjBU4sAucpDK4Vs
1C7NxZ4hbt5VHwpBQyLjmQraKHTEi1SN9i
1Hcx2ZWSA1nrp3HgAq8CFu4vyUzo1WAQCc
1ASdsZ1JUwtVXDfYBx7MRNMeHQ8J51pSRw
1NdEAjPbwvQrDB8aFQhjF8oLH5tS4EatTZ
167fASsEEnKszkd8PdNRMB1HWTnxcNRgbR
1DKhy7jj8oB53iGZYrWzDSfcVoKHjsuxaa
1LNL1Zrg5h2z8m9c48fgdMx2uXmN3S5Kch
1AyjX2QpTYFnmMFnzD3A2sqosfrrMuKbcz
13mtCyZTnMJRJw9nt7xqbiGU7tXrvkeAJB
1Fd2fo3VYSAjUr2uXNCfoSRSeWcGX9x5Ge
1Mnd6HGYcoNryKT2bkaT55BPsVK1a8o49u
17WNPSjjBxQF7gkQiFNe1yoZ1DaSgztM7K
1CfWWyDNUeioJc7TBnqDBDyQKJUYwT7S2Z
1JvdsgxiJQYAJSE4Tjs3BWbXZk6Kw9mxnB
1AXm1qkZZK8QByuPtFA5RFbRKXkf5xGhA5
1Q4siL9KD2W8cy5eguRr5z5R1iCca27Qqv
1EZPbtmx7YiDfM2YVThbrbEgC6b86SqFL9
16efV75hHY4Z8x1zLxHPjBU4sAucpDK4Vs
1LpoMowMPEVWk2LaJUdAUNaK7gBDRA1r7F
1C7NxZ4hbt5VHwpBQyLjmQraKHTEi1SN9i
161J2C45hLh6SecXoRBMbbPGJAv7VdkfEK
1Hcx2ZWSA1nrp3HgAq8CFu4vyUzo1WAQCc
1N6SqcHmzSzs1cCe4wEt7Mo84m2p74stts
199BUHDPHwpzyzVzmTw6V2jeqYfEpVuwMu
1Cy9e1Yuwboj63XRkMkT6W6YsGDtYDrsUp
1LHVxAkzcN8BzSdrT7J2W3CCpiz5Rgj72E
1AYNWHyhakgigfVaEYx1h87o1mjksWcnkH
12RuaN5UvZYkMn4BiiS4mMoffe3mgjzZMU
1F5uDaCF8ZP6kiLHvDhWsSNPHP6kwt7udi
1MPPHP3TLvD4mph9z1GpM5BamB5Pcx5HuT
17WNPSjjBxQF7gkQiFNe1yoZ1DaSgztM7K
1C7NxZ4hbt5VHwpBQyLjmQraKHTEi1SN9i
1JPR1KXGEcUYRReho3KSMMLvmtYpgC5xJc
1PT6X8xhyxQC1zGTuWzcHwB7iTEZHZGV71
1ASdsZ1JUwtVXDfYBx7MRNMeHQ8J51pSRw
1ERn5JRTm5P47LzhiLCbKtduwj9M3cPE81
1LpoMowMPEVWk2LaJUdAUNaK7gBDRA1r7F
1BZrrPVnQibm9M357dATtTokUYP1vaosgU
16DV7iL8wVyozq973rj2qA3Zw4r7mvnAKc
1GixPRcADerY4KoM6FUKiW4NNgpngshvZ4
17vec4jQGCzMEsTnivizHPaowE715tu2CB
1N6SqcHmzSzs1cCe4wEt7Mo84m2p74stts
1CfWWyDNUeioJc7TBnqDBDyQKJUYwT7S2Z
1KmDbkBGYzotq6aVf981H6aN2F5nc1SXdQ
1AXm1qkZZK8QByuPtFA5RFbRKXkf5xGhA5
1SMEAGqpm9JSpJ6JZaM5dEBptPTNahpFa
13uzim3VkT6YSEGsUA7KxKkimepsaLF7ZE
1Emfox1WswYcd2YucUskRzqfRWKkcm1Jut
1MJ21NMydr9dNu65tga6oBDa6coiq3bRXz
16efV75hHY4Z8x1zLxHPjBU4sAucpDK4Vs
1C7NxZ4hbt5VHwpBQyLjmQraKHTEi1SN9i
1Hcx2ZWSA1nrp3HgAq8CFu4vyUzo1WAQCc
1ASdsZ1JUwtVXDfYBx7MRNMeHQ8J51pSRw
1NNnUkWk29x6PBMyUpRDXv4dEMNrw5qjWY
167fASsEEnKszkd8PdNRMB1HWTnxcNRgbR
1DKhy7jj8oB53iGZYrWzDSfcVoKHjsuxaa
1LNL1Zrg5h2z8m9c48fgdMx2uXmN3S5Kch
1Ahu957fXXwhJ5LqmpxMFHVWwSQ7h4PkXb
17WNPSjjBxQF7gkQiFNe1yoZ1DaSgztM7K
1F5uDaCF8ZP6kiLHvDhWsSNPHP6kwt7udi
1MPPHP3TLvD4mph9z1GpM5BamB5Pcx5HuT
13TRk2LRQuPH926Dq4u1uL63gUvfX5wRN3
1CJSRunQtPQsiZRK7vznyeCfyDTb2kxGA8
1JvdsgxiJQYAJSE4Tjs3BWbXZk6Kw9mxnB
1Pz1K3res89p4GF3N26gz93CzbyWUcjEAb
1AXm1qkZZK8QByuPtFA5RFbRKXkf5xGhA5
1EZPbtmx7YiDfM2YVThbrbEgC6b86SqFL9
1LpoMowMPEVWk2LaJUdAUNaK7gBDRA1r7F
16GGzGGsTtzvUdTHoWFJtWXXWdpPWwxr3u
1C7NxZ4hbt5VHwpBQyLjmQraKHTEi1SN9i
1H3hhmQxp2eqpScyubM65HuJZ9dMnPSzqY
18hmGQL2MPqKFUUcjetzmxgTUbdGBV6dAy
1N6SqcHmzSzs1cCe4wEt7Mo84m2p74stts
1CfWWyDNUeioJc7TBnqDBDyQKJUYwT7S2Z
14yjANv2HYZyWgX6iyHm2a1s2piNWzg7tc
1LH2DVjCpp9FD62puC9x5ZujonPSmnbkGd
1AYNWHyhakgigfVaEYx1h87o1mjksWcnkH
1F5uDaCF8ZP6kiLHvDhWsSNPHP6kwt7udi
16efV75hHY4Z8x1zLxHPjBU4sAucpDK4Vs
1MJ21NMydr9dNu65tga6oBDa6coiq3bRXz
1C7NxZ4hbt5VHwpBQyLjmQraKHTEi1SN9i
13mtCyZTnMJRJw9nt7xqbiGU7tXrvkeAJB,13mtCyZTnMJRJw9nt7xqbiGU7tXrvkeAJB,13mtCyZTnMJRJw9nt7xqbiGU7tXrvkeAJB,13mtCyZTnMJRJw9nt7xqbiGU7tXrvkeAJB,1GJt2nDUrVinYyDFJuWMkkK1Urod5nH72F
1Cy9e1Yuwboj63XRkMkT6W6YsGDtYDrsUp,13A2e3wX9MVMtP1JMxGFcbd2ZuSeVLe8uZ,13A2e3wX9MVMtP1JMxGFcbd2ZuSeVLe8uZ,13A2e3wX9MVMtP1JMxGFcbd2ZuSeVLe8uZ,18xskifRMWUtMzbHSzQi7rEWF5upmktgF2
1CfWWyDNUeioJc7TBnqDBDyQKJUYwT7S2Z,1CfWWyDNUeioJc7TBnqDBDyQKJUYwT7S2Z,1DKhy7jj8oB53iGZYrWzDSfcVoKHjsuxaa,1DKhy7jj8oB53iGZYrWzDSfcVoKHjsuxaa,1Cy9e1Yuwboj63XRkMkT6W6YsGDtYDrsUp
15MZRa1cPUVChs6XpzyAfGox5nvPVpSvok,13TRk2LRQuPH926Dq4u1uL63gUvfX5wRN3,13TRk2LRQuPH926Dq4u1uL63gUvfX5wRN3,13TRk2LRQuPH926Dq4u1uL63gUvfX5wRN3,1CfWWyDNUeioJc7TBnqDBDyQKJUYwT7S2Z
1BXH2Xida1orS5GpXdniMrwZFbi5iznM92,1BXH2Xida1orS5GpXdniMrwZFbi5iznM92,18HfzUZXGA3FZ1BM8abEmjBT9Wg52qQ4Sr,18HfzUZXGA3FZ1BM8abEmjBT9Wg52qQ4Sr,15MZRa1cPUVChs6XpzyAfGox5nvPVpSvok
1Ahu957fXXwhJ5LqmpxMFHVWwSQ7h4PkXb,1Ahu957fXXwhJ5LqmpxMFHVWwSQ7h4PkXb,1Ahu957fXXwhJ5LqmpxMFHVWwSQ7h4PkXb,1NPRz7rKMi83gJSEnztFddr96oJbqqAZmj,1NPRz7rKMi83gJSEnztFddr96oJbqqAZmj
1LHVxAkzcN8BzSdrT7J2W3CCpiz5Rgj72E,1LHVxAkzcN8BzSdrT7J2W3CCpiz5Rgj72E,199BUHDPHwpzyzVzmTw6V2jeqYfEpVuwMu,1SMEAGqpm9JSpJ6JZaM5dEBptPTNahpFa,1SMEAGqpm9JSpJ6JZaM5dEBptPTNahpFa
15szdWSCEVAvXVEKsrEtcKNtCfmo69drZ9,18hmGQL2MPqKFUUcjetzmxgTUbdGBV6dAy,161J2C45hLh6SecXoRBMbbPGJAv7VdkfEK,1LNL1Zrg5h2z8m9c48fgdMx2uXmN3S5Kch,13uzim3VkT6YSEGsUA7KxKkimepsaLF7ZE
1CJSRunQtPQsiZRK7vznyeCfyDTb2kxGA8,1CJSRunQtPQsiZRK7vznyeCfyDTb2kxGA8,1LpoMowMPEVWk2LaJUdAUNaK7gBDRA1r7F,1LpoMowMPEVWk2LaJUdAUNaK7gBDRA1r7F,15szdWSCEVAvXVEKsrEtcKNtCfmo69drZ9
1MPPHP3TLvD4mph9z1GpM5BamB5Pcx5HuT,1N6SqcHmzSzs1cCe4wEt7Mo84m2p74stts,112NRCenwi3VTS9GMuW1kgnAKFGjE9YymR,112NRCenwi3VTS9GMuW1kgnAKFGjE9YymR,1CJSRunQtPQsiZRK7vznyeCfyDTb2kxGA8
1ASdsZ1JUwtVXDfYBx7MRNMeHQ8J51pSRw,121Pb2BBrU7C61vBdWCKVuFFmaEZr6xFAX,121Pb2BBrU7C61vBdWCKVuFFmaEZr6xFAX,121Pb2BBrU7C61vBdWCKVuFFmaEZr6xFAX,17WNPSjjBxQF7gkQiFNe1yoZ1DaSgztM7K
1NqxTQ7D9w3oukfpYda8GHnXSYxr9xFoQS,1NqxTQ7D9w3oukfpYda8GHnXSYxr9xFoQS,1ASdsZ1JUwtVXDfYBx7MRNMeHQ8J51pSRw,1ASdsZ1JUwtVXDfYBx7MRNMeHQ8J51pSRw,1ASdsZ1JUwtVXDfYBx7MRNMeHQ8J51pSRw
17qBxPE1e84se785Yn3BupFRPPekEc15Pv,17qBxPE1e84se785Yn3BupFRPPekEc15Pv,1Mdu9MbAEsUm81NzEPQR7GCkUxbG39pWMy,1JvdsgxiJQYAJSE4Tjs3BWbXZk6Kw9mxnB,1NqxTQ7D9w3oukfpYda8GHnXSYxr9xFoQS
17vec4jQGCzMEsTnivizHPaowE715tu2CB,18c1UyaQewaUTnD4KzmayqY6JdMaQtcQxw,17qBxPE1e84se785Yn3BupFRPPekEc15Pv,1Q4wj8JfZNGgRFYrk2bfWvqcqH1Y9YVNn9,1Ks4roXAZj45sXRsWMfGqmAPmDoWZ9TAko
1ERn5JRTm5P47LzhiLCbKtduwj9M3cPE81,1PrXnipPcdfNxANzxX1MTy6ko4RM8VNukm,1PrXnipPcdfNxANzxX1MTy6ko4RM8VNukm,1Fhex5BvBGaChJqK75Z6MPxtK9muSsScKC,1Fhex5BvBGaChJqK75Z6MPxtK9muSsScKC
18xskifRMWUtMzbHSzQi7rEWF5upmktgF2
18xskifRMWUtMzbHSzQi7rEWF5upmktgF2
18xskifRMWUtMzbHSzQi7rEWF5upmktgF2
18xskifRMWUtMzbHSzQi7rEWF5upmktgF2
18xskifRMWUtMzbHSzQi7rEWF5upmktgF2
13TRk2LRQuPH926Dq4u1uL63gUvfX5wRN3
13TRk2LRQuPH926Dq4u1uL63gUvfX5wRN3
13TRk2LRQuPH926Dq4u1uL63gUvfX5wRN3
1Pz1K3res89p4GF3N26gz93CzbyWUcjEAb
1Pz1K3res89p4GF3N26gz93CzbyWUcjEAb
1BXH2Xida1orS5GpXdniMrwZFbi5iznM92
1Emfox1WswYcd2YucUskRzqfRWKkcm1Jut
1Emfox1WswYcd2YucUskRzqfRWKkcm1Jut
1Emfox1WswYcd2YucUskRzqfRWKkcm1Jut
1Emfox1WswYcd2YucUskRzqfRWKkcm1Jut
1Emfox1WswYcd2YucUskRzqfRWKkcm1Jut
1Emfox1WswYcd2YucUskRzqfRWKkcm1Jut
1Emfox1WswYcd2YucUskRzqfRWKkcm1Jut
1Emfox1WswYcd2YucUskRzqfRWKkcm1Jut
1Ahu957fXXwhJ5LqmpxMFHVWwSQ7h4PkXb
1Ahu957fXXwhJ5LqmpxMFHVWwSQ7h4PkXb
1Ahu957fXXwhJ5LqmpxMFHVWwSQ7h4PkXb
1Ahu957fXXwhJ5LqmpxMFHVWwSQ7h4PkXb
1Ahu957fXXwhJ5LqmpxMFHVWwSQ7h4PkXb
1Ahu957fXXwhJ5LqmpxMFHVWwSQ7h4PkXb
1Ahu957fXXwhJ5LqmpxMFHVWwSQ7h4PkXb
1Ahu957fXXwhJ5LqmpxMFHVWwSQ7h4PkXb
1Ahu957fXXwhJ5LqmpxMFHVWwSQ7h4PkXb
1SMEAGqpm9JSpJ6JZaM5dEBptPTNahpFa
14yjANv2HYZyWgX6iyHm2a1s2piNWzg7tc
14yjANv2HYZyWgX6iyHm2a1s2piNWzg7tc
14yjANv2HYZyWgX6iyHm2a1s2piNWzg7tc
121Pb2BBrU7C61vBdWCKVuFFmaEZr6xFAX
1ASdsZ1JUwtVXDfYBx7MRNMeHQ8J51pSRw
1ASdsZ1JUwtVXDfYBx7MRNMeHQ8J51pSRw
1ASdsZ1JUwtVXDfYBx7MRNMeHQ8J51pSRw
1JvdsgxiJQYAJSE4Tjs3BWbXZk6Kw9mxnB
1JvdsgxiJQYAJSE4Tjs3BWbXZk6Kw9mxnB
1JvdsgxiJQYAJSE4Tjs3BWbXZk6Kw9mxnB
17qBxPE1e84se785Yn3BupFRPPekEc15Pv
17vec4jQGCzMEsTnivizHPaowE715tu2CB
121Pb2BBrU7C61vBdWCKVuFFmaEZr6xFAX
1Hcx2ZWSA1nrp3HgAq8CFu4vyUzo1WAQCc
1ASdsZ1JUwtVXDfYBx7MRNMeHQ8J51pSRw
1NtbgQ61TH579orJQEpAZ4zGvgyzLX4L39
1ERn5JRTm5P47LzhiLCbKtduwj9M3cPE81
167fASsEEnKszkd8PdNRMB1HWTnxcNRgbR
1LNL1Zrg5h2z8m9c48fgdMx2uXmN3S5Kch
1BXH2Xida1orS5GpXdniMrwZFbi5iznM92
1GJt2nDUrVinYyDFJuWMkkK1Urod5nH72F
17WNPSjjBxQF7gkQiFNe1yoZ1DaSgztM7K
1N6SqcHmzSzs1cCe4wEt7Mo84m2p74stts
1CfWWyDNUeioJc7TBnqDBDyQKJUYwT7S2Z
1JvdsgxiJQYAJSE4Tjs3BWbXZk6Kw9mxnB
13mtCyZTnMJRJw9nt7xqbiGU7tXrvkeAJB
1Q4siL9KD2W8cy5eguRr5z5R1iCca27Qqv
1AXm1qkZZK8QByuPtFA5RFbRKXkf5xGhA5
1EZPbtmx7YiDfM2YVThbrbEgC6b86SqFL9
1LpoMowMPEVWk2LaJUdAUNaK7gBDRA1r7F
16efV75hHY4Z8x1zLxHPjBU4sAucpDK4Vs
1C7NxZ4hbt5VHwpBQyLjmQraKHTEi1SN9i
1Hcx2ZWSA1nrp3HgAq8CFu4vyUzo1WAQCc
1A9qwtctYmYrCKSegy7RrNCUJxuohwFQmD
1NGCrVaFXanWib44ijNBR8yBoCAREGpXro
167fASsEEnKszkd8PdNRMB1HWTnxcNRgbR
1DKhy7jj8oB53iGZYrWzDSfcVoKHjsuxaa
1LNL1Zrg5h2z8m9c48fgdMx2uXmN3S5Kch
1AYNWHyhakgigfVaEYx1h87o1mjksWcnkH
17WNPSjjBxQF7gkQiFNe1yoZ1DaSgztM7K
1F5uDaCF8ZP6kiLHvDhWsSNPHP6kwt7udi
1MPPHP3TLvD4mph9z1GpM5BamB5Pcx5HuT
1C7NxZ4hbt5VHwpBQyLjmQraKHTEi1SN9i
1JPR1KXGEcUYRReho3KSMMLvmtYpgC5xJc
1AXm1qkZZK8QByuPtFA5RFbRKXkf5xGhA5
1PT6X8xhyxQC1zGTuWzcHwB7iTEZHZGV71
12RuaN5UvZYkMn4BiiS4mMoffe3mgjzZMU
1EZPbtmx7YiDfM2YVThbrbEgC6b86SqFL9
1LpoMowMPEVWk2LaJUdAUNaK7gBDRA1r7F
1C7NxZ4hbt5VHwpBQyLjmQraKHTEi1SN9i
16GGzGGsTtzvUdTHoWFJtWXXWdpPWwxr3u
1GixPRcADerY4KoM6FUKiW4NNgpngshvZ4
17vec4jQGCzMEsTnivizHPaowE715tu2CB
1N6SqcHmzSzs1cCe4wEt7Mo84m2p74stts
1CfWWyDNUeioJc7TBnqDBDyQKJUYwT7S2Z
1KmDbkBGYzotq6aVf981H6aN2F5nc1SXdQ
1AYNWHyhakgigfVaEYx1h87o1mjksWcnkH
1SMEAGqpm9JSpJ6JZaM5dEBptPTNahpFa
13uzim3VkT6YSEGsUA7KxKkimepsaLF7ZE
1EpJKJbpeoXnYGtoB8F6re78FMAtvNRWMf
1MJ21NMydr9dNu65tga6oBDa6coiq3bRXz
16efV75hHY4Z8x1zLxHPjBU4sAucpDK4Vs
1C7NxZ4hbt5VHwpBQyLjmQraKHTEi1SN9i
1Hcx2ZWSA1nrp3HgAq8CFu4vyUzo1WAQCc
1ASdsZ1JUwtVXDfYBx7MRNMeHQ8J51pSRw
1NNnUkWk29x6PBMyUpRDXv4dEMNrw5qjWY
167fASsEEnKszkd8PdNRMB1HWTnxcNRgbR
1DKhy7jj8oB53iGZYrWzDSfcVoKHjsuxaa
1LNL1Zrg5h2z8m9c48fgdMx2uXmN3S5Kch
1AyjX2QpTYFnmMFnzD3A2sqosfrrMuKbcz
13mtCyZTnMJRJw9nt7xqbiGU7tXrvkeAJB
1FThhwz4sMNyLUDhvikxHRA16rMsgfhpYZ
1Mnd6HGYcoNryKT2bkaT55BPsVK1a8o49u
17WNPSjjBxQF7gkQiFNe1yoZ1DaSgztM7K
1CfWWyDNUeioJc7TBnqDBDyQKJUYwT7S2Z
1JvdsgxiJQYAJSE4Tjs3BWbXZk6Kw9mxnB
1AXm1qkZZK8QByuPtFA5RFbRKXkf5xGhA5
1Q4siL9KD2W8cy5eguRr5z5R1iCca27Qqv
1EZPbtmx7YiDfM2YVThbrbEgC6b86SqFL9
16efV75hHY4Z8x1zLxHPjBU4sAucpDK4Vs
1LpoMowMPEVWk2LaJUdAUNaK7gBDRA1r7F
1C7NxZ4hbt5VHwpBQyLjmQraKHTEi1SN9i
15QBmuWuviM3ZUGtJcukpytpZxvdjiPkCA
1HNeqi3pJRNvXybNX4FKzZgYJsdTSqJTbk
1N6SqcHmzSzs1cCe4wEt7Mo84m2p74stts
18xskifRMWUtMzbHSzQi7rEWF5upmktgF2
1CfWWyDNUeioJc7TBnqDBDyQKJUYwT7S2Z
1LHVxAkzcN8BzSdrT7J2W3CCpiz5Rgj72E
1AYNWHyhakgigfVaEYx1h87o1mjksWcnkH
17WNPSjjBxQF7gkQiFNe1yoZ1DaSgztM7K
1F5uDaCF8ZP6kiLHvDhWsSNPHP6kwt7udi
1MPPHP3TLvD4mph9z1GpM5BamB5Pcx5HuT
1C7NxZ4hbt5VHwpBQyLjmQraKHTEi1SN9i
1JPR1KXGEcUYRReho3KSMMLvmtYpgC5xJc
1ASdsZ1JUwtVXDfYBx7MRNMeHQ8J51pSRw
1PT6X8xhyxQC1zGTuWzcHwB7iTEZHZGV71
167fASsEEnKszkd8PdNRMB1HWTnxcNRgbR
1ERn5JRTm5P47LzhiLCbKtduwj9M3cPE81
1LNL1Zrg5h2z8m9c48fgdMx2uXmN3S5Kch
1BXH2Xida1orS5GpXdniMrwZFbi5iznM92
121Pb2BBrU7C61vBdWCKVuFFmaEZr6xFAX
1GixPRcADerY4KoM6FUKiW4NNgpngshvZ4
17vec4jQGCzMEsTnivizHPaowE715tu2CB
1N6SqcHmzSzs1cCe4wEt7Mo84m2p74stts
1CfWWyDNUeioJc7TBnqDBDyQKJUYwT7S2Z
1KZBFKD7NpV7ndufLZfKDdQgRz8nfXEBDm
1AXm1qkZZK8QByuPtFA5RFbRKXkf5xGhA5
1SMEAGqpm9JSpJ6JZaM5dEBptPTNahpFa
16efV75hHY4Z8x1zLxHPjBU4sAucpDK4Vs
1Emfox1WswYcd2YucUskRzqfRWKkcm1Jut
1MJ21NMydr9dNu65tga6oBDa6coiq3bRXz
1C7NxZ4hbt5VHwpBQyLjmQraKHTEi1SN9i
13uzim3VkT6YSEGsUA7KxKkimepsaLF7ZE
1Hcx2ZWSA1nrp3HgAq8CFu4vyUzo1WAQCc
1ASdsZ1JUwtVXDfYBx7MRNMeHQ8J51pSRw
1NKKQBSaQ6XMViwC46b4JCxGUiUp6EDZR5
1DKhy7jj8oB53iGZYrWzDSfcVoKHjsuxaa
167fASsEEnKszkd8PdNRMB1HWTnxcNRgbR
1LNL1Zrg5h2z8m9c48fgdMx2uXmN3S5Kch
1AYNWHyhakgigfVaEYx1h87o1mjksWcnkH
1F5uDaCF8ZP6kiLHvDhWsSNPHP6kwt7udi
17WNPSjjBxQF7gkQiFNe1yoZ1DaSgztM7K
1MPPHP3TLvD4mph9z1GpM5BamB5Pcx5HuT
1C7NxZ4hbt5VHwpBQyLjmQraKHTEi1SN9i
1JPR1KXGEcUYRReho3KSMMLvmtYpgC5xJc
1AXm1qkZZK8QByuPtFA5RFbRKXkf5xGhA5
1PT6X8xhyxQC1zGTuWzcHwB7iTEZHZGV71
16GGzGGsTtzvUdTHoWFJtWXXWdpPWwxr3u
1EZPbtmx7YiDfM2YVThbrbEgC6b86SqFL9
1LpoMowMPEVWk2LaJUdAUNaK7gBDRA1r7F
1C7NxZ4hbt5VHwpBQyLjmQraKHTEi1SN9i
12RuaN5UvZYkMn4BiiS4mMoffe3mgjzZMU
1GixPRcADerY4KoM6FUKiW4NNgpngshvZ4
18VxknkRnvGULt3o76yoXSEpEFYKP7YY4J
1N6SqcHmzSzs1cCe4wEt7Mo84m2p74stts
1CfWWyDNUeioJc7TBnqDBDyQKJUYwT7S2Z
1Ks4roXAZj45sXRsWMfGqmAPmDoWZ9TAko
1AYNWHyhakgigfVaEYx1h87o1mjksWcnkH
1pK5e7YxixmERU617STiXgiGdnactBQrT
13uzim3VkT6YSEGsUA7KxKkimepsaLF7ZE
1F5uDaCF8ZP6kiLHvDhWsSNPHP6kwt7udi
1MJ21NMydr9dNu65tga6oBDa6coiq3bRXz
16efV75hHY4Z8x1zLxHPjBU4sAucpDK4Vs
1C7NxZ4hbt5VHwpBQyLjmQraKHTEi1SN9i
1Hcx2ZWSA1nrp3HgAq8CFu4vyUzo1WAQCc
1ASdsZ1JUwtVXDfYBx7MRNMeHQ8J51pSRw
1NtbgQ61TH579orJQEpAZ4zGvgyzLX4L39
167fASsEEnKszkd8PdNRMB1HWTnxcNRgbR
1DKhy7jj8oB53iGZYrWzDSfcVoKHjsuxaa
1LNL1Zrg5h2z8m9c48fgdMx2uXmN3S5Kch
1BXH2Xida1orS5GpXdniMrwZFbi5iznM92
13mtCyZTnMJRJw9nt7xqbiGU7tXrvkeAJB
1GJt2nDUrVinYyDFJuWMkkK1Urod5nH72F
1Mnd6HGYcoNryKT2bkaT55BPsVK1a8o49u
17WNPSjjBxQF7gkQiFNe1yoZ1DaSgztM7K
1CfWWyDNUeioJc7TBnqDBDyQKJUYwT7S2Z
1JvdsgxiJQYAJSE4Tjs3BWbXZk6Kw9mxnB
1AXm1qkZZK8QByuPtFA5RFbRKXkf5xGhA5
1Q4siL9KD2W8cy5eguRr5z5R1iCca27Qqv
1EZPbtmx7YiDfM2YVThbrbEgC6b86SqFL9
16efV75hHY4Z8x1zLxHPjBU4sAucpDK4Vs
1LpoMowMPEVWk2LaJUdAUNaK7gBDRA1r7F
1C7NxZ4hbt5VHwpBQyLjmQraKHTEi1SN9i
12RuaN5UvZYkMn4BiiS4mMoffe3mgjzZMU
1Hcx2ZWSA1nrp3HgAq8CFu4vyUzo1WAQCc
19FLaursDZbNyB7Fvj4wjKXYcX8GrZkkGr
1N6SqcHmzSzs1cCe4wEt7Mo84m2p74stts
1Cy9e1Yuwboj63XRkMkT6W6YsGDtYDrsUp
1LNL1Zrg5h2z8m9c48fgdMx2uXmN3S5Kch
1AYNWHyhakgigfVaEYx1h87o1mjksWcnkH
161J2C45hLh6SecXoRBMbbPGJAv7VdkfEK
1F5uDaCF8ZP6kiLHvDhWsSNPHP6kwt7udi
1MPPHP3TLvD4mph9z1GpM5BamB5Pcx5HuT
17WNPSjjBxQF7gkQiFNe1yoZ1DaSgztM7K
1C7NxZ4hbt5VHwpBQyLjmQraKHTEi1SN9i
1JPR1KXGEcUYRReho3KSMMLvmtYpgC5xJc
1ASdsZ1JUwtVXDfYBx7MRNMeHQ8J51pSRw
1PT6X8xhyxQC1zGTuWzcHwB7iTEZHZGV71
1EZPbtmx7YiDfM2YVThbrbEgC6b86SqFL9
1LpoMowMPEVWk2LaJUdAUNaK7gBDRA1r7F
16DV7iL8wVyozq973rj2qA3Zw4r7mvnAKc
1BZrrPVnQibm9M357dATtTokUYP1vaosgU
1GixPRcADerY4KoM6FUKiW4NNgpngshvZ4
17vec4jQGCzMEsTnivizHPaowE715tu2CB
1N6SqcHmzSzs1cCe4wEt7Mo84m2p74stts
1CfWWyDNUeioJc7TBnqDBDyQKJUYwT7S2Z
13uzim3VkT6YSEGsUA7KxKkimepsaLF7ZE
1KmDbkBGYzotq6aVf981H6aN2F5nc1SXdQ
1SMEAGqpm9JSpJ6JZaM5dEBptPTNahpFa
1AYNWHyhakgigfVaEYx1h87o1mjksWcnkH
1Emfox1WswYcd2YucUskRzqfRWKkcm1Jut
16efV75hHY4Z8x1zLxHPjBU4sAucpDK4Vs
1MJ21NMydr9dNu65tga6oBDa6coiq3bRXz
1C7NxZ4hbt5VHwpBQyLjmQraKHTEi1SN9i
13TRk2LRQuPH926Dq4u1uL63gUvfX5wRN3
1Hcx2ZWSA1nrp3HgAq8CFu4vyUzo1WAQCc
1NNnUkWk29x6PBMyUpRDXv4dEMNrw5qjWY
1ASdsZ1JUwtVXDfYBx7MRNMeHQ8J51pSRw
1DKhy7jj8oB53iGZYrWzDSfcVoKHjsuxaa
1LNL1Zrg5h2z8m9c48fgdMx2uXmN3S5Kch
1Ahu957fXXwhJ5LqmpxMFHVWwSQ7h4PkXb
167fASsEEnKszkd8PdNRMB1HWTnxcNRgbR
1F5uDaCF8ZP6kiLHvDhWsSNPHP6kwt7udi
17WNPSjjBxQF7gkQiFNe1yoZ1DaSgztM7K
1MPPHP3TLvD4mph9z1GpM5BamB5Pcx5HuT
1CJSRunQtPQsiZRK7vznyeCfyDTb2kxGA8
1JvdsgxiJQYAJSE4Tjs3BWbXZk6Kw9mxnB
1AXm1qkZZK8QByuPtFA5RFbRKXkf5xGhA5
1Pz1K3res89p4GF3N26gz93CzbyWUcjEAb
1EZPbtmx7YiDfM2YVThbrbEgC6b86SqFL9
16GGzGGsTtzvUdTHoWFJtWXXWdpPWwxr3u
1LpoMowMPEVWk2LaJUdAUNaK7gBDRA1r7F
1C7NxZ4hbt5VHwpBQyLjmQraKHTEi1SN9i
15MZRa1cPUVChs6XpzyAfGox5nvPVpSvok
1HAXbT4oDvnqH4no64bhttnEdmaHzpxbaH
1N6SqcHmzSzs1cCe4wEt7Mo84m2p74stts
18hmGQL2MPqKFUUcjetzmxgTUbdGBV6dAy
1CfWWyDNUeioJc7TBnqDBDyQKJUYwT7S2Z
1LHVxAkzcN8BzSdrT7J2W3CCpiz5Rgj72E
1AYNWHyhakgigfVaEYx1h87o1mjksWcnkH
16u9sAACz2dENfCaV9ZDXeiHPifvjdxikn
1F5uDaCF8ZP6kiLHvDhWsSNPHP6kwt7udi
1MJ5iXyX6sq9gwygK2g3uFZXf3vvJY79SH
1C7NxZ4hbt5VHwpBQyLjmQraKHTEi1SN9i
1Hcx2ZWSA1nrp3HgAq8CFu4vyUzo1WAQCc
1ASdsZ1JUwtVXDfYBx7MRNMeHQ8J51pSRw
1NtbgQ61TH579orJQEpAZ4zGvgyzLX4L39
167fASsEEnKszkd8PdNRMB1HWTnxcNRgbR
1ERn5JRTm5P47LzhiLCbKtduwj9M3cPE81
1LNL1Zrg5h2z8m9c48fgdMx2uXmN3S5Kch
1BXH2Xida1orS5GpXdniMrwZFbi5iznM92
13uzim3VkT6YSEGsUA7KxKkimepsaLF7ZE
1GixPRcADerY4KoM6FUKiW4NNgpngshvZ4
1N6SqcHmzSzs1cCe4wEt7Mo84m2p74stts
17qBxPE1e84se785Yn3BupFRPPekEc15Pv
1CfWWyDNUeioJc7TBnqDBDyQKJUYwT7S2Z
1JvdsgxiJQYAJSE4Tjs3BWbXZk6Kw9mxnB
1AXm1qkZZK8QByuPtFA5RFbRKXkf5xGhA5
1SMEAGqpm9JSpJ6JZaM5dEBptPTNahpFa
1EkixVazBUdNarHfB5eUWsxQ6JJnQuQx3K
16efV75hHY4Z8x1zLxHPjBU4sAucpDK4Vs
1M77B5gC242QJogTwn62oASgz8j8d79M2U
1C7NxZ4hbt5VHwpBQyLjmQraKHTEi1SN9i
121Pb2BBrU7C61vBdWCKVuFFmaEZr6xFAX
1Hcx2ZWSA1nrp3HgAq8CFu4vyUzo1WAQCc
1A9qwtctYmYrCKSegy7RrNCUJxuohwFQmD
1NGCrVaFXanWib44ijNBR8yBoCAREGpXro
1DKhy7jj8oB53iGZYrWzDSfcVoKHjsuxaa
1LNL1Zrg5h2z8m9c48fgdMx2uXmN3S5Kch
167fASsEEnKszkd8PdNRMB1HWTnxcNRgbR
1AYNWHyhakgigfVaEYx1h87o1mjksWcnkH
1F5uDaCF8ZP6kiLHvDhWsSNPHP6kwt7udi
17WNPSjjBxQF7gkQiFNe1yoZ1DaSgztM7K
1MPPHP3TLvD4mph9z1GpM5BamB5Pcx5HuT
1C7NxZ4hbt5VHwpBQyLjmQraKHTEi1SN9i
1JPR1KXGEcUYRReho3KSMMLvmtYpgC5xJc
1AXm1qkZZK8QByuPtFA5RFbRKXkf5xGhA5
1PT6X8xhyxQC1zGTuWzcHwB7iTEZHZGV71
1EZPbtmx7YiDfM2YVThbrbEgC6b86SqFL9
16GGzGGsTtzvUdTHoWFJtWXXWdpPWwxr3u
1LpoMowMPEVWk2LaJUdAUNaK7gBDRA1r7F
1C7NxZ4hbt5VHwpBQyLjmQraKHTEi1SN9i
13uzim3VkT6YSEGsUA7KxKkimepsaLF7ZE
1GixPRcADerY4KoM6FUKiW4NNgpngshvZ4
1N6SqcHmzSzs1cCe4wEt7Mo84m2p74stts
18VxknkRnvGULt3o76yoXSEpEFYKP7YY4J
1CfWWyDNUeioJc7TBnqDBDyQKJUYwT7S2Z
1Ks4roXAZj45sXRsWMfGqmAPmDoWZ9TAko
1AYNWHyhakgigfVaEYx1h87o1mjksWcnkH
1pK5e7YxixmERU617STiXgiGdnactBQrT
16efV75hHY4Z8x1zLxHPjBU4sAucpDK4Vs
1EpJKJbpeoXnYGtoB8F6re78FMAtvNRWMf
1MJ21NMydr9dNu65tga6oBDa6coiq3bRXz
1C7NxZ4hbt5VHwpBQyLjmQraKHTEi1SN9i
12RuaN5UvZYkMn4BiiS4mMoffe3mgjzZMU
1Hcx2ZWSA1nrp3HgAq8CFu4vyUzo1WAQCc
1ASdsZ1JUwtVXDfYBx7MRNMeHQ8J51pSRw
1NNnUkWk29x6PBMyUpRDXv4dEMNrw5qjWY
1DKhy7jj8oB53iGZYrWzDSfcVoKHjsuxaa
167fASsEEnKszkd8PdNRMB1HWTnxcNRgbR
1LNL1Zrg5h2z8m9c48fgdMx2uXmN3S5Kch
1AyjX2QpTYFnmMFnzD3A2sqosfrrMuKbcz
17WNPSjjBxQF7gkQiFNe1yoZ1DaSgztM7K
1Fd2fo3VYSAjUr2uXNCfoSRSeWcGX9x5Ge
1Mnd6HGYcoNryKT2bkaT55BPsVK1a8o49u
1CfWWyDNUeioJc7TBnqDBDyQKJUYwT7S2Z
1JvdsgxiJQYAJSE4Tjs3BWbXZk6Kw9mxnB
13mtCyZTnMJRJw9nt7xqbiGU7tXrvkeAJB
1Q4siL9KD2W8cy5eguRr5z5R1iCca27Qqv
1AXm1qkZZK8QByuPtFA5RFbRKXkf5xGhA5
1EZPbtmx7YiDfM2YVThbrbEgC6b86SqFL9
1LpoMowMPEVWk2LaJUdAUNaK7gBDRA1r7F
16efV75hHY4Z8x1zLxHPjBU4sAucpDK4Vs
1C7NxZ4hbt5VHwpBQyLjmQraKHTEi1SN9i
1Hcx2ZWSA1nrp3HgAq8CFu4vyUzo1WAQCc
18xskifRMWUtMzbHSzQi7rEWF5upmktgF2
1N6SqcHmzSzs1cCe4wEt7Mo84m2p74stts
15szdWSCEVAvXVEKsrEtcKNtCfmo69drZ9
1CfWWyDNUeioJc7TBnqDBDyQKJUYwT7S2Z
1LHVxAkzcN8BzSdrT7J2W3CCpiz5Rgj72E
1AYNWHyhakgigfVaEYx1h87o1mjksWcnkH
1F5uDaCF8ZP6kiLHvDhWsSNPHP6kwt7udi
17WNPSjjBxQF7gkQiFNe1yoZ1DaSgztM7K
1MPPHP3TLvD4mph9z1GpM5BamB5Pcx5HuT
1C7NxZ4hbt5VHwpBQyLjmQraKHTEi1SN9i
1JPR1KXGEcUYRReho3KSMMLvmtYpgC5xJc
1ASdsZ1JUwtVXDfYBx7MRNMeHQ8J51pSRw
1PT6X8xhyxQC1zGTuWzcHwB7iTEZHZGV71
16DV7iL8wVyozq973rj2qA3Zw4r7mvnAKc
1ERn5JRTm5P47LzhiLCbKtduwj9M3cPE81
1LNL1Zrg5h2z8m9c48fgdMx2uXmN3S5Kch
1BXH2Xida1orS5GpXdniMrwZFbi5iznM92
13uzim3VkT6YSEGsUA7KxKkimepsaLF7ZE
1GixPRcADerY4KoM6FUKiW4NNgpngshvZ4
1N6SqcHmzSzs1cCe4wEt7Mo84m2p74stts
17vec4jQGCzMEsTnivizHPaowE715tu2CB
1CfWWyDNUeioJc7TBnqDBDyQKJUYwT7S2Z
1KmDbkBGYzotq6aVf981H6aN2F5nc1SXdQ
1AXm1qkZZK8QByuPtFA5RFbRKXkf5xGhA5
1SMEAGqpm9JSpJ6JZaM5dEBptPTNahpFa
1Emfox1WswYcd2YucUskRzqfRWKkcm1Jut
16efV75hHY4Z8x1zLxHPjBU4sAucpDK4Vs
1MJ21NMydr9dNu65tga6oBDa6coiq3bRXz
1C7NxZ4hbt5VHwpBQyLjmQraKHTEi1SN9i
12RuaN5UvZYkMn4BiiS4mMoffe3mgjzZMU
1Hcx2ZWSA1nrp3HgAq8CFu4vyUzo1WAQCc
1ASdsZ1JUwtVXDfYBx7MRNMeHQ8J51pSRw
1NNnUkWk29x6PBMyUpRDXv4dEMNrw5qjWY
1DKhy7jj8oB53iGZYrWzDSfcVoKHjsuxaa
1LNL1Zrg5h2z8m9c48fgdMx2uXmN3S5Kch
167fASsEEnKszkd8PdNRMB1HWTnxcNRgbR
1Ahu957fXXwhJ5LqmpxMFHVWwSQ7h4PkXb
1F5uDaCF8ZP6kiLHvDhWsSNPHP6kwt7udi
17WNPSjjBxQF7gkQiFNe1yoZ1DaSgztM7K
1MPPHP3TLvD4mph9z1GpM5BamB5Pcx5HuT
1CJSRunQtPQsiZRK7vznyeCfyDTb2kxGA8
1JvdsgxiJQYAJSE4Tjs3BWbXZk6Kw9mxnB
1AXm1qkZZK8QByuPtFA5RFbRKXkf5xGhA5
1PT6X8xhyxQC1zGTuWzcHwB7iTEZHZGV71
16GGzGGsTtzvUdTHoWFJtWXXWdpPWwxr3u
1EZPbtmx7YiDfM2YVThbrbEgC6b86SqFL9
1LpoMowMPEVWk2LaJUdAUNaK7gBDRA1r7F
1C7NxZ4hbt5VHwpBQyLjmQraKHTEi1SN9i
12RuaN5UvZYkMn4BiiS4mMoffe3mgjzZMU
1GixPRcADerY4KoM6FUKiW4NNgpngshvZ4
18c1UyaQewaUTnD4KzmayqY6JdMaQtcQxw
1N6SqcHmzSzs1cCe4wEt7Mo84m2p74stts
1CfWWyDNUeioJc7TBnqDBDyQKJUYwT7S2Z
1Ks4roXAZj45sXRsWMfGqmAPmDoWZ9TAko
1AYNWHyhakgigfVaEYx1h87o1mjksWcnkH
14yjANv2HYZyWgX6iyHm2a1s2piNWzg7tc
1F5uDaCF8ZP6kiLHvDhWsSNPHP6kwt7udi
1MJ21NMydr9dNu65tga6oBDa6coiq3bRXz
16efV75hHY4Z8x1zLxHPjBU4sAucpDK4Vs
1C7NxZ4hbt5VHwpBQyLjmQraKHTEi1SN9i
1Hcx2ZWSA1nrp3HgAq8CFu4vyUzo1WAQCc
1ASdsZ1JUwtVXDfYBx7MRNMeHQ8J51pSRw
1NtbgQ61TH579orJQEpAZ4zGvgyzLX4L39
167fASsEEnKszkd8PdNRMB1HWTnxcNRgbR
1ERn5JRTm5P47LzhiLCbKtduwj9M3cPE81
1LNL1Zrg5h2z8m9c48fgdMx2uXmN3S5Kch
1BXH2Xida1orS5GpXdniMrwZFbi5iznM92
13mtCyZTnMJRJw9nt7xqbiGU7tXrvkeAJB
1GJt2nDUrVinYyDFJuWMkkK1Urod5nH72F
1N6SqcHmzSzs1cCe4wEt7Mo84m2p74stts
17WNPSjjBxQF7gkQiFNe1yoZ1DaSgztM7K
1CfWWyDNUeioJc7TBnqDBDyQKJUYwT7S2Z
1JvdsgxiJQYAJSE4Tjs3BWbXZk6Kw9mxnB
1AXm1qkZZK8QByuPtFA5RFbRKXkf5xGhA5
1Q4siL9KD2W8cy5eguRr5z5R1iCca27Qqv
1EZPbtmx7YiDfM2YVThbrbEgC6b86SqFL9
16efV75hHY4Z8x1zLxHPjBU4sAucpDK4Vs
1LpoMowMPEVWk2LaJUdAUNaK7gBDRA1r7F
1C7NxZ4hbt5VHwpBQyLjmQraKHTEi1SN9i
12RuaN5UvZYkMn4BiiS4mMoffe3mgjzZMU
1Hcx2ZWSA1nrp3HgAq8CFu4vyUzo1WAQCc
1A9qwtctYmYrCKSegy7RrNCUJxuohwFQmD
1NGCrVaFXanWib44ijNBR8yBoCAREGpXro
1Cy9e1Yuwboj63XRkMkT6W6YsGDtYDrsUp
1LNL1Zrg5h2z8m9c48fgdMx2uXmN3S5Kch
1AYNWHyhakgigfVaEYx1h87o1mjksWcnkH
161J2C45hLh6SecXoRBMbbPGJAv7VdkfEK
1F5uDaCF8ZP6kiLHvDhWsSNPHP6kwt7udi
17WNPSjjBxQF7gkQiFNe1yoZ1DaSgztM7K
1MPPHP3TLvD4mph9z1GpM5BamB5Pcx5HuT
1C7NxZ4hbt5VHwpBQyLjmQraKHTEi1SN9i
1JPR1KXGEcUYRReho3KSMMLvmtYpgC5xJc
1ASdsZ1JUwtVXDfYBx7MRNMeHQ8J51pSRw
1PT6X8xhyxQC1zGTuWzcHwB7iTEZHZGV71
1EZPbtmx7YiDfM2YVThbrbEgC6b86SqFL9
16GGzGGsTtzvUdTHoWFJtWXXWdpPWwxr3u
1LpoMowMPEVWk2LaJUdAUNaK7gBDRA1r7F
1C7NxZ4hbt5VHwpBQyLjmQraKHTEi1SN9i
17vec4jQGCzMEsTnivizHPaowE715tu2CB
1GixPRcADerY4KoM6FUKiW4NNgpngshvZ4
1N6SqcHmzSzs1cCe4wEt7Mo84m2p74stts
13uzim3VkT6YSEGsUA7KxKkimepsaLF7ZE
1CfWWyDNUeioJc7TBnqDBDyQKJUYwT7S2Z
1KmDbkBGYzotq6aVf981H6aN2F5nc1SXdQ
1AYNWHyhakgigfVaEYx1h87o1mjksWcnkH
1SMEAGqpm9JSpJ6JZaM5dEBptPTNahpFa
1EpJKJbpeoXnYGtoB8F6re78FMAtvNRWMf
16efV75hHY4Z8x1zLxHPjBU4sAucpDK4Vs
1MJ21NMydr9dNu65tga6oBDa6coiq3bRXz
1C7NxZ4hbt5VHwpBQyLjmQraKHTEi1SN9i
121Pb2BBrU7C61vBdWCKVuFFmaEZr6xFAX
1Hcx2ZWSA1nrp3HgAq8CFu4vyUzo1WAQCc
1ASdsZ1JUwtVXDfYBx7MRNMeHQ8J51pSRw
1NNnUkWk29x6PBMyUpRDXv4dEMNrw5qjWY
1DKhy7jj8oB53iGZYrWzDSfcVoKHjsuxaa
1LNL1Zrg5h2z8m9c48fgdMx2uXmN3S5Kch
167fASsEEnKszkd8PdNRMB1HWTnxcNRgbR
1Ahu957fXXwhJ5LqmpxMFHVWwSQ7h4PkXb
1F5uDaCF8ZP6kiLHvDhWsSNPHP6kwt7udi
17WNPSjjBxQF7gkQiFNe1yoZ1DaSgztM7K
1MbRAfeayy7bYfJ8yBVKTt41nyiGhVAz62
1CJSRunQtPQsiZRK7vznyeCfyDTb2kxGA8
1JvdsgxiJQYAJSE4Tjs3BWbXZk6Kw9mxnB
1AXm1qkZZK8QByuPtFA5RFbRKXkf5xGhA5
1Pz1K3res89p4GF3N26gz93CzbyWUcjEAb
16efV75hHY4Z8x1zLxHPjBU4sAucpDK4Vs
1EZPbtmx7YiDfM2YVThbrbEgC6b86SqFL9
1LpoMowMPEVWk2LaJUdAUNaK7gBDRA1r7F
1C7NxZ4hbt5VHwpBQyLjmQraKHTEi1SN9i
13mtCyZTnMJRJw9nt7xqbiGU7tXrvkeAJB
1HKvhSWL4CAZcw4cN4FwRo8HXUifKm3N2J
18xskifRMWUtMzbHSzQi7rEWF5upmktgF2
1N6SqcHmzSzs1cCe4wEt7Mo84m2p74stts
1CfWWyDNUeioJc7TBnqDBDyQKJUYwT7S2Z
1LHVxAkzcN8BzSdrT7J2W3CCpiz5Rgj72E
1AYNWHyhakgigfVaEYx1h87o1mjksWcnkH
15QBmuWuviM3ZUGtJcukpytpZxvdjiPkCA
1F5uDaCF8ZP6kiLHvDhWsSNPHP6kwt7udi
1MPPHP3TLvD4mph9z1GpM5BamB5Pcx5HuT
16u9sAACz2dENfCaV9ZDXeiHPifvjdxikn
1C7NxZ4hbt5VHwpBQyLjmQraKHTEi1SN9i
1JPR1KXGEcUYRReho3KSMMLvmtYpgC5xJc
1ASdsZ1JUwtVXDfYBx7MRNMeHQ8J51pSRw
1NtbgQ61TH579orJQEpAZ4zGvgyzLX4L39
1ERn5JRTm5P47LzhiLCbKtduwj9M3cPE81
1LNL1Zrg5h2z8m9c48fgdMx2uXmN3S5Kch
167fASsEEnKszkd8PdNRMB1HWTnxcNRgbR
1BXH2Xida1orS5GpXdniMrwZFbi5iznM92
1GixPRcADerY4KoM6FUKiW4NNgpngshvZ4
17vec4jQGCzMEsTnivizHPaowE715tu2CB
1N6SqcHmzSzs1cCe4wEt7Mo84m2p74stts
1CfWWyDNUeioJc7TBnqDBDyQKJUYwT7S2Z
1KZBFKD7NpV7ndufLZfKDdQgRz8nfXEBDm
1AXm1qkZZK8QByuPtFA5RFbRKXkf5xGhA5
1SMEAGqpm9JSpJ6JZaM5dEBptPTNahpFa
13uzim3VkT6YSEGsUA7KxKkimepsaLF7ZE
1Emfox1WswYcd2YucUskRzqfRWKkcm1Jut
1M77B5gC242QJogTwn62oASgz8j8d79M2U
16efV75hHY4Z8x1zLxHPjBU4sAucpDK4Vs
1C7NxZ4hbt5VHwpBQyLjmQraKHTEi1SN9i
1Hcx2ZWSA1nrp3HgAq8CFu4vyUzo1WAQCc
1ASdsZ1JUwtVXDfYBx7MRNMeHQ8J51pSRw
1NGCrVaFXanWib44ijNBR8yBoCAREGpXro
167fASsEEnKszkd8PdNRMB1HWTnxcNRgbR
1DKhy7jj8oB53iGZYrWzDSfcVoKHjsuxaa
1LNL1Zrg5h2z8m9c48fgdMx2uXmN3S5Kch
1AYNWHyhakgigfVaEYx1h87o1mjksWcnkH
17WNPSjjBxQF7gkQiFNe1yoZ1DaSgztM7K
1F5uDaCF8ZP6kiLHvDhWsSNPHP6kwt7udi
1MPPHP3TLvD4mph9z1GpM5BamB5Pcx5HuT
1C7NxZ4hbt5VHwpBQyLjmQraKHTEi1SN9i
1JPR1KXGEcUYRReho3KSMMLvmtYpgC5xJc
1AXm1qkZZK8QByuPtFA5RFbRKXkf5xGhA5
1PT6X8xhyxQC1zGTuWzcHwB7iTEZHZGV71
12RuaN5UvZYkMn4BiiS4mMoffe3mgjzZMU
1EZPbtmx7YiDfM2YVThbrbEgC6b86SqFL9
1LpoMowMPEVWk2LaJUdAUNaK7gBDRA1r7F
1C7NxZ4hbt5VHwpBQyLjmQraKHTEi1SN9i
16GGzGGsTtzvUdTHoWFJtWXXWdpPWwxr3u
1GixPRcADerY4KoM6FUKiW4NNgpngshvZ4
18VxknkRnvGULt3o76yoXSEpEFYKP7YY4J
1N6SqcHmzSzs1cCe4wEt7Mo84m2p74stts
1CfWWyDNUeioJc7TBnqDBDyQKJUYwT7S2Z
1Ks4roXAZj45sXRsWMfGqmAPmDoWZ9TAko
1AYNWHyhakgigfVaEYx1h87o1mjksWcnkH
1pK5e7YxixmERU617STiXgiGdnactBQrT
13uzim3VkT6YSEGsUA7KxKkimepsaLF7ZE
1F5uDaCF8ZP6kiLHvDhWsSNPHP6kwt7udi
1MJ21NMydr9dNu65tga6oBDa6coiq3bRXz
16efV75hHY4Z8x1zLxHPjBU4sAucpDK4Vs
1C7NxZ4hbt5VHwpBQyLjmQraKHTEi1SN9i
12RuaN5UvZYkMn4BiiS4mMoffe3mgjzZMU
1Hcx2ZWSA1nrp3HgAq8CFu4vyUzo1WAQCc
1NqxTQ7D9w3oukfpYda8GHnXSYxr9xFoQS
1ASdsZ1JUwtVXDfYBx7MRNMeHQ8J51pSRw
1DKhy7jj8oB53iGZYrWzDSfcVoKHjsuxaa
1LNL1Zrg5h2z8m9c48fgdMx2uXmN3S5Kch
1AyjX2QpTYFnmMFnzD3A2sqosfrrMuKbcz
167fASsEEnKszkd8PdNRMB1HWTnxcNRgbR
1Fhex5BvBGaChJqK75Z6MPxtK9muSsScKC
17WNPSjjBxQF7gkQiFNe1yoZ1DaSgztM7K
1Mnd6HGYcoNryKT2bkaT55BPsVK1a8o49u
1CfWWyDNUeioJc7TBnqDBDyQKJUYwT7S2Z
1JvdsgxiJQYAJSE4Tjs3BWbXZk6Kw9mxnB
1AXm1qkZZK8QByuPtFA5RFbRKXkf5xGhA5
1Q4siL9KD2W8cy5eguRr5z5R1iCca27Qqv
16efV75hHY4Z8x1zLxHPjBU4sAucpDK4Vs
1EZPbtmx7YiDfM2YVThbrbEgC6b86SqFL9
1LpoMowMPEVWk2LaJUdAUNaK7gBDRA1r7F
1C7NxZ4hbt5VHwpBQyLjmQraKHTEi1SN9i
13mtCyZTnMJRJw9nt7xqbiGU7tXrvkeAJB
1Hcx2ZWSA1nrp3HgAq8CFu4vyUzo1WAQCc
199BUHDPHwpzyzVzmTw6V2jeqYfEpVuwMu
1N6SqcHmzSzs1cCe4wEt7Mo84m2p74stts
1Cy9e1Yuwboj63XRkMkT6W6YsGDtYDrsUp
1LHVxAkzcN8BzSdrT7J2W3CCpiz5Rgj72E
1AYNWHyhakgigfVaEYx1h87o1mjksWcnkH
161J2C45hLh6SecXoRBMbbPGJAv7VdkfEK
1F5uDaCF8ZP6kiLHvDhWsSNPHP6kwt7udi
17WNPSjjBxQF7gkQiFNe1yoZ1DaSgztM7K
1MPPHP3TLvD4mph9z1GpM5BamB5Pcx5HuT
1C7NxZ4hbt5VHwpBQyLjmQraKHTEi1SN9i
1JPR1KXGEcUYRReho3KSMMLvmtYpgC5xJc
1ASdsZ1JUwtVXDfYBx7MRNMeHQ8J51pSRw
1PT6X8xhyxQC1zGTuWzcHwB7iTEZHZGV71
1EZPbtmx7YiDfM2YVThbrbEgC6b86SqFL9
1LpoMowMPEVWk2LaJUdAUNaK7gBDRA1r7F
16DV7iL8wVyozq973rj2qA3Zw4r7mvnAKc
1BZrrPVnQibm9M357dATtTokUYP1vaosgU
1GixPRcADerY4KoM6FUKiW4NNgpngshvZ4
17vec4jQGCzMEsTnivizHPaowE715tu2CB
1N6SqcHmzSzs1cCe4wEt7Mo84m2p74stts
1CfWWyDNUeioJc7TBnqDBDyQKJUYwT7S2Z
13uzim3VkT6YSEGsUA7KxKkimepsaLF7ZE
1KmDbkBGYzotq6aVf981H6aN2F5nc1SXdQ
1AXm1qkZZK8QByuPtFA5RFbRKXkf5xGhA5
1SMEAGqpm9JSpJ6JZaM5dEBptPTNahpFa
1Emfox1WswYcd2YucUskRzqfRWKkcm1Jut
16efV75hHY4Z8x1zLxHPjBU4sAucpDK4Vs
1MJ21NMydr9dNu65tga6oBDa6coiq3bRXz
1C7NxZ4hbt5VHwpBQyLjmQraKHTEi1SN9i
13TRk2LRQuPH926Dq4u1uL63gUvfX5wRN3
1Hcx2ZWSA1nrp3HgAq8CFu4vyUzo1WAQCc
1NNnUkWk29x6PBMyUpRDXv4dEMNrw5qjWY
1ASdsZ1JUwtVXDfYBx7MRNMeHQ8J51pSRw
1DKhy7jj8oB53iGZYrWzDSfcVoKHjsuxaa
1LNL1Zrg5h2z8m9c48fgdMx2uXmN3S5Kch
1Ahu957fXXwhJ5LqmpxMFHVWwSQ7h4PkXb
167fASsEEnKszkd8PdNRMB1HWTnxcNRgbR
1F5uDaCF8ZP6kiLHvDhWsSNPHP6kwt7udi
17WNPSjjBxQF7gkQiFNe1yoZ1DaSgztM7K
1MPPHP3TLvD4mph9z1GpM5BamB5Pcx5HuT
1CJSRunQtPQsiZRK7vznyeCfyDTb2kxGA8
1JvdsgxiJQYAJSE4Tjs3BWbXZk6Kw9mxnB
1AXm1qkZZK8QByuPtFA5RFbRKXkf5xGhA5
1Pz1K3res89p4GF3N26gz93CzbyWUcjEAb
1EZPbtmx7YiDfM2YVThbrbEgC6b86SqFL9
16GGzGGsTtzvUdTHoWFJtWXXWdpPWwxr3u
1LpoMowMPEVWk2LaJUdAUNaK7gBDRA1r7F
1C7NxZ4hbt5VHwpBQyLjmQraKHTEi1SN9i
14yjANv2HYZyWgX6iyHm2a1s2piNWzg7tc
1H3hhmQxp2eqpScyubM65HuJZ9dMnPSzqY
1N6SqcHmzSzs1cCe4wEt7Mo84m2p74stts
18hmGQL2MPqKFUUcjetzmxgTUbdGBV6dAy
1CfWWyDNUeioJc7TBnqDBDyQKJUYwT7S2Z
1LH2DVjCpp9FD62puC9x5ZujonPSmnbkGd
1AYNWHyhakgigfVaEYx1h87o1mjksWcnkH
16u9sAACz2dENfCaV9ZDXeiHPifvjdxikn
1F5uDaCF8ZP6kiLHvDhWsSNPHP6kwt7udi
1MJ21NMydr9dNu65tga6oBDa6coiq3bRXz
1C7NxZ4hbt5VHwpBQyLjmQraKHTEi1SN9i
1Hcx2ZWSA1nrp3HgAq8CFu4vyUzo1WAQCc
1ASdsZ1JUwtVXDfYBx7MRNMeHQ8J51pSRw
1NtbgQ61TH579orJQEpAZ4zGvgyzLX4L39
167fASsEEnKszkd8PdNRMB1HWTnxcNRgbR
1ERn5JRTm5P47LzhiLCbKtduwj9M3cPE81
1LNL1Zrg5h2z8m9c48fgdMx2uXmN3S5Kch
1BXH2Xida1orS5GpXdniMrwZFbi5iznM92
13mtCyZTnMJRJw9nt7xqbiGU7tXrvkeAJB
1GJt2nDUrVinYyDFJuWMkkK1Urod5nH72F
1N6SqcHmzSzs1cCe4wEt7Mo84m2p74stts
17WNPSjjBxQF7gkQiFNe1yoZ1DaSgztM7K
1CfWWyDNUeioJc7TBnqDBDyQKJUYwT7S2Z
1JvdsgxiJQYAJSE4Tjs3BWbXZk6Kw9mxnB
1AXm1qkZZK8QByuPtFA5RFbRKXkf5xGhA5
1Q4wj8JfZNGgRFYrk2bfWvqcqH1Y9YVNn9
1EgZsQ6zxrA5bCtMMR1uWAcjfqt7n8GNRJ
16efV75hHY4Z8x1zLxHPjBU4sAucpDK4Vs
1M77B5gC242QJogTwn62oASgz8j8d79M2U
1C7NxZ4hbt5VHwpBQyLjmQraKHTEi1SN9i
12RuaN5UvZYkMn4BiiS4mMoffe3mgjzZMU
1Hcx2ZWSA1nrp3HgAq8CFu4vyUzo1WAQCc
1A9qwtctYmYrCKSegy7RrNCUJxuohwFQmD
1NGCrVaFXanWib44ijNBR8yBoCAREGpXro
1DKhy7jj8oB53iGZYrWzDSfcVoKHjsuxaa
1LNL1Zrg5h2z8m9c48fgdMx2uXmN3S5Kch
1AYNWHyhakgigfVaEYx1h87o1mjksWcnkH
167fASsEEnKszkd8PdNRMB1HWTnxcNRgbR
1F5uDaCF8ZP6kiLHvDhWsSNPHP6kwt7udi
17WNPSjjBxQF7gkQiFNe1yoZ1DaSgztM7K
1MPPHP3TLvD4mph9z1GpM5BamB5Pcx5HuT
1C7NxZ4hbt5VHwpBQyLjmQraKHTEi1SN9i
1JPR1KXGEcUYRReho3KSMMLvmtYpgC5xJc
1AXm1qkZZK8QByuPtFA5RFbRKXkf5xGhA5
1PT6X8xhyxQC1zGTuWzcHwB7iTEZHZGV71
1EZPbtmx7YiDfM2YVThbrbEgC6b86SqFL9
16GGzGGsTtzvUdTHoWFJtWXXWdpPWwxr3u
1LpoMowMPEVWk2LaJUdAUNaK7gBDRA1r7F
1C7NxZ4hbt5VHwpBQyLjmQraKHTEi1SN9i
18HfzUZXGA3FZ1BM8abEmjBT9Wg52qQ4Sr
1GixPRcADerY4KoM6FUKiW4NNgpngshvZ4
1N6SqcHmzSzs1cCe4wEt7Mo84m2p74stts
13uzim3VkT6YSEGsUA7KxKkimepsaLF7ZE
1CfWWyDNUeioJc7TBnqDBDyQKJUYwT7S2Z
1KmDbkBGYzotq6aVf981H6aN2F5nc1SXdQ
1AYNWHyhakgigfVaEYx1h87o1mjksWcnkH
1SMEAGqpm9JSpJ6JZaM5dEBptPTNahpFa
1EpJKJbpeoXnYGtoB8F6re78FMAtvNRWMf
16efV75hHY4Z8x1zLxHPjBU4sAucpDK4Vs
1MJ21NMydr9dNu65tga6oBDa6coiq3bRXz
1C7NxZ4hbt5VHwpBQyLjmQraKHTEi1SN9i
121Pb2BBrU7C61vBdWCKVuFFmaEZr6xFAX
1Hcx2ZWSA1nrp3HgAq8CFu4vyUzo1WAQCc
1ASdsZ1JUwtVXDfYBx7MRNMeHQ8J51pSRw
1NNnUkWk29x6PBMyUpRDXv4dEMNrw5qjWY
1DKhy7jj8oB53iGZYrWzDSfcVoKHjsuxaa
1LNL1Zrg5h2z8m9c48fgdMx2uXmN3S5Kch
167fASsEEnKszkd8PdNRMB1HWTnxcNRgbR
1AyjX2QpTYFnmMFnzD3A2sqosfrrMuKbcz
1Fd2fo3VYSAjUr2uXNCfoSRSeWcGX9x5Ge
17WNPSjjBxQF7gkQiFNe1yoZ1DaSgztM7K
1Mnd6HGYcoNryKT2bkaT55BPsVK1a8o49u
1CfWWyDNUeioJc7TBnqDBDyQKJUYwT7S2Z
1JvdsgxiJQYAJSE4Tjs3BWbXZk6Kw9mxnB
1AXm1qkZZK8QByuPtFA5RFbRKXkf5xGhA5
1Q4siL9KD2W8cy5eguRr5z5R1iCca27Qqv
16efV75hHY4Z8x1zLxHPjBU4sAucpDK4Vs
1EZPbtmx7YiDfM2YVThbrbEgC6b86SqFL9
1LpoMowMPEVWk2LaJUdAUNaK7gBDRA1r7F
1C7NxZ4hbt5VHwpBQyLjmQraKHTEi1SN9i
13mtCyZTnMJRJw9nt7xqbiGU7tXrvkeAJB
1Hcx2ZWSA1nrp3HgAq8CFu4vyUzo1WAQCc
18xskifRMWUtMzbHSzQi7rEWF5upmktgF2
1N6SqcHmzSzs1cCe4wEt7Mo84m2p74stts
1CfWWyDNUeioJc7TBnqDBDyQKJUYwT7S2Z
1LHVxAkzcN8BzSdrT7J2W3CCpiz5Rgj72E
15QBmuWuviM3ZUGtJcukpytpZxvdjiPkCA
1AYNWHyhakgigfVaEYx1h87o1mjksWcnkH
1F5uDaCF8ZP6kiLHvDhWsSNPHP6kwt7udi
17WNPSjjBxQF7gkQiFNe1yoZ1DaSgztM7K
1MPPHP3TLvD4mph9z1GpM5BamB5Pcx5HuT
1C7NxZ4hbt5VHwpBQyLjmQraKHTEi1SN9i
1JPR1KXGEcUYRReho3KSMMLvmtYpgC5xJc
1ASdsZ1JUwtVXDfYBx7MRNMeHQ8J51pSRw
1PT6X8xhyxQC1zGTuWzcHwB7iTEZHZGV71
1ERn5JRTm5P47LzhiLCbKtduwj9M3cPE81
167fASsEEnKszkd8PdNRMB1HWTnxcNRgbR
1LNL1Zrg5h2z8m9c48fgdMx2uXmN3S5Kch
1BXH2Xida1orS5GpXdniMrwZFbi5iznM92
1GixPRcADerY4KoM6FUKiW4NNgpngshvZ4
17vec4jQGCzMEsTnivizHPaowE715tu2CB
1N6SqcHmzSzs1cCe4wEt7Mo84m2p74stts
1CfWWyDNUeioJc7TBnqDBDyQKJUYwT7S2Z
13uzim3VkT6YSEGsUA7KxKkimepsaLF7ZE
1KmDbkBGYzotq6aVf981H6aN2F5nc1SXdQ
1SMEAGqpm9JSpJ6JZaM5dEBptPTNahpFa
1AXm1qkZZK8QByuPtFA5RFbRKXkf5xGhA5
1Emfox1WswYcd2YucUskRzqfRWKkcm1Jut
16efV75hHY4Z8x1zLxHPjBU4sAucpDK4Vs
1MJ21NMydr9dNu65tga6oBDa6coiq3bRXz
1C7NxZ4hbt5VHwpBQyLjmQraKHTEi1SN9i
12RuaN5UvZYkMn4BiiS4mMoffe3mgjzZMU
1Hcx2ZWSA1nrp3HgAq8CFu4vyUzo1WAQCc
1NNnUkWk29x6PBMyUpRDXv4dEMNrw5qjWY
1ASdsZ1JUwtVXDfYBx7MRNMeHQ8J51pSRw
1DKhy7jj8oB53iGZYrWzDSfcVoKHjsuxaa
1LNL1Zrg5h2z8m9c48fgdMx2uXmN3S5Kch
1AYNWHyhakgigfVaEYx1h87o1mjksWcnkH
167fASsEEnKszkd8PdNRMB1HWTnxcNRgbR
1F5uDaCF8ZP6kiLHvDhWsSNPHP6kwt7udi
1MPPHP3TLvD4mph9z1GpM5BamB5Pcx5HuT
17WNPSjjBxQF7gkQiFNe1yoZ1DaSgztM7K
1C7NxZ4hbt5VHwpBQyLjmQraKHTEi1SN9i
1JPR1KXGEcUYRReho3KSMMLvmtYpgC5xJc
1AXm1qkZZK8QByuPtFA5RFbRKXkf5xGhA5
1PT6X8xhyxQC1zGTuWzcHwB7iTEZHZGV71
1EZPbtmx7YiDfM2YVThbrbEgC6b86SqFL9
16GGzGGsTtzvUdTHoWFJtWXXWdpPWwxr3u
1LpoMowMPEVWk2LaJUdAUNaK7gBDRA1r7F
1C7NxZ4hbt5VHwpBQyLjmQraKHTEi1SN9i
18c1UyaQewaUTnD4KzmayqY6JdMaQtcQxw
1GixPRcADerY4KoM6FUKiW4NNgpngshvZ4
1N6SqcHmzSzs1cCe4wEt7Mo84m2p74stts
13uzim3VkT6YSEGsUA7KxKkimepsaLF7ZE
1CfWWyDNUeioJc7TBnqDBDyQKJUYwT7S2Z
1Ks4roXAZj45sXRsWMfGqmAPmDoWZ9TAko
1AYNWHyhakgigfVaEYx1h87o1mjksWcnkH
1pK5e7YxixmERU617STiXgiGdnactBQrT
1F5uDaCF8ZP6kiLHvDhWsSNPHP6kwt7udi
16efV75hHY4Z8x1zLxHPjBU4sAucpDK4Vs
1MJ21NMydr9dNu65tga6oBDa6coiq3bRXz
1C7NxZ4hbt5VHwpBQyLjmQraKHTEi1SN9i
121Pb2BBrU7C61vBdWCKVuFFmaEZr6xFAX
1Hcx2ZWSA1nrp3HgAq8CFu4vyUzo1WAQCc
1ASdsZ1JUwtVXDfYBx7MRNMeHQ8J51pSRw
1NtbgQ61TH579orJQEpAZ4zGvgyzLX4L39
1DbeWKCxnVCt3sRaSAmZLoboqr8pVyFzP1
167fASsEEnKszkd8PdNRMB1HWTnxcNRgbR
1LNL1Zrg5h2z8m9c48fgdMx2uXmN3S5Kch
1BXH2Xida1orS5GpXdniMrwZFbi5iznM92
1GJt2nDUrVinYyDFJuWMkkK1Urod5nH72F
17WNPSjjBxQF7gkQiFNe1yoZ1DaSgztM7K
1N6SqcHmzSzs1cCe4wEt7Mo84m2p74stts
1CfWWyDNUeioJc7TBnqDBDyQKJUYwT7S2Z
1JvdsgxiJQYAJSE4Tjs3BWbXZk6Kw9mxnB
13mtCyZTnMJRJw9nt7xqbiGU7tXrvkeAJB
1Q4siL9KD2W8cy5eguRr5z5R1iCca27Qqv
1AXm1qkZZK8QByuPtFA5RFbRKXkf5xGhA5
1EZPbtmx7YiDfM2YVThbrbEgC6b86SqFL9
1LpoMowMPEVWk2LaJUdAUNaK7gBDRA1r7F
16efV75hHY4Z8x1zLxHPjBU4sAucpDK4Vs
1C7NxZ4hbt5VHwpBQyLjmQraKHTEi1SN9i
1Hcx2ZWSA1nrp3HgAq8CFu4vyUzo1WAQCc
1A7mEa8zufBg2ajkQU8uezFKVvaxEqXr3g
1N6SqcHmzSzs1cCe4wEt7Mo84m2p74stts
161J2C45hLh6SecXoRBMbbPGJAv7VdkfEK
1Cy9e1Yuwboj63XRkMkT6W6YsGDtYDrsUp
1LNL1Zrg5h2z8m9c48fgdMx2uXmN3S5Kch
1AYNWHyhakgigfVaEYx1h87o1mjksWcnkH
17WNPSjjBxQF7gkQiFNe1yoZ1DaSgztM7K
1F5uDaCF8ZP6kiLHvDhWsSNPHP6kwt7udi
1MPPHP3TLvD4mph9z1GpM5BamB5Pcx5HuT
1C7NxZ4hbt5VHwpBQyLjmQraKHTEi1SN9i
1JPR1KXGEcUYRReho3KSMMLvmtYpgC5xJc
1ASdsZ1JUwtVXDfYBx7MRNMeHQ8J51pSRw
1PT6X8xhyxQC1zGTuWzcHwB7iTEZHZGV71
16DV7iL8wVyozq973rj2qA3Zw4r7mvnAKc
1EZPbtmx7YiDfM2YVThbrbEgC6b86SqFL9
1LpoMowMPEVWk2LaJUdAUNaK7gBDRA1r7F
1BZrrPVnQibm9M357dATtTokUYP1vaosgU
12RuaN5UvZYkMn4BiiS4mMoffe3mgjzZMU
1GixPRcADerY4KoM6FUKiW4NNgpngshvZ4
17vec4jQGCzMEsTnivizHPaowE715tu2CB
1N6SqcHmzSzs1cCe4wEt7Mo84m2p74stts
1CfWWyDNUeioJc7TBnqDBDyQKJUYwT7S2Z
1KmDbkBGYzotq6aVf981H6aN2F5nc1SXdQ
1AYNWHyhakgigfVaEYx1h87o1mjksWcnkH
1SMEAGqpm9JSpJ6JZaM5dEBptPTNahpFa
13uzim3VkT6YSEGsUA7KxKkimepsaLF7ZE
1EpJKJbpeoXnYGtoB8F6re78FMAtvNRWMf
1MJ21NMydr9dNu65tga6oBDa6coiq3bRXz
1C7NxZ4hbt5VHwpBQyLjmQraKHTEi1SN9i
16efV75hHY4Z8x1zLxHPjBU4sAucpDK4Vs
1Hcx2ZWSA1nrp3HgAq8CFu4vyUzo1WAQCc
1ASdsZ1JUwtVXDfYBx7MRNMeHQ8J51pSRw
1NNnUkWk29x6PBMyUpRDXv4dEMNrw5qjWY
167fASsEEnKszkd8PdNRMB1HWTnxcNRgbR
1DKhy7jj8oB53iGZYrWzDSfcVoKHjsuxaa
1LNL1Zrg5h2z8m9c48fgdMx2uXmN3S5Kch
1Ahu957fXXwhJ5LqmpxMFHVWwSQ7h4PkXb
17WNPSjjBxQF7gkQiFNe1yoZ1DaSgztM7K
1F5uDaCF8ZP6kiLHvDhWsSNPHP6kwt7udi
1MPPHP3TLvD4mph9z1GpM5BamB5Pcx5HuT
13VmbyZRNDRtaHsmf5wKoWkUUdQXku11KY
1CJSRunQtPQsiZRK7vznyeCfyDTb2kxGA8
1JvdsgxiJQYAJSE4Tjs3BWbXZk6Kw9mxnB
1Pz1K3res89p4GF3N26gz93CzbyWUcjEAb
1AXm1qkZZK8QByuPtFA5RFbRKXkf5xGhA5
1EZPbtmx7YiDfM2YVThbrbEgC6b86SqFL9
1LpoMowMPEVWk2LaJUdAUNaK7gBDRA1r7F
16GGzGGsTtzvUdTHoWFJtWXXWdpPWwxr3u
1C7NxZ4hbt5VHwpBQyLjmQraKHTEi1SN9i
1HAXbT4oDvnqH4no64bhttnEdmaHzpxbaH
18xskifRMWUtMzbHSzQi7rEWF5upmktgF2
1N6SqcHmzSzs1cCe4wEt7Mo84m2p74stts
15QBmuWuviM3ZUGtJcukpytpZxvdjiPkCA
1CfWWyDNUeioJc7TBnqDBDyQKJUYwT7S2Z
1LHVxAkzcN8BzSdrT7J2W3CCpiz5Rgj72E
1AYNWHyhakgigfVaEYx1h87o1mjksWcnkH
1F5uDaCF8ZP6kiLHvDhWsSNPHP6kwt7udi
16u9sAACz2dENfCaV9ZDXeiHPifvjdxikn
1MKEmEkcJ1STcYCUoDwzhREqt2CjUJwre2
1C7NxZ4hbt5VHwpBQyLjmQraKHTEi1SN9i
1Hcx2ZWSA1nrp3HgAq8CFu4vyUzo1WAQCc
1ASdsZ1JUwtVXDfYBx7MRNMeHQ8J51pSRw
1NtbgQ61TH579orJQEpAZ4zGvgyzLX4L39
1ERn5JRTm5P47LzhiLCbKtduwj9M3cPE81
167fASsEEnKszkd8PdNRMB1HWTnxcNRgbR
1LNL1Zrg5h2z8m9c48fgdMx2uXmN3S5Kch
1BXH2Xida1orS5GpXdniMrwZFbi5iznM92
17qBxPE1e84se785Yn3BupFRPPekEc15Pv
1GixPRcADerY4KoM6FUKiW4NNgpngshvZ4
1N6SqcHmzSzs1cCe4wEt7Mo84m2p74stts
13uzim3VkT6YSEGsUA7KxKkimepsaLF7ZE
1CfWWyDNUeioJc7TBnqDBDyQKJUYwT7S2Z
1JvdsgxiJQYAJSE4Tjs3BWbXZk6Kw9mxnB
1AXm1qkZZK8QByuPtFA5RFbRKXkf5xGhA5
1SMEAGqpm9JSpJ6JZaM5dEBptPTNahpFa
1EkixVazBUdNarHfB5eUWsxQ6JJnQuQx3K
16efV75hHY4Z8x1zLxHPjBU4sAucpDK4Vs
1M77B5gC242QJogTwn62oASgz8j8d79M2U
1C7NxZ4hbt5VHwpBQyLjmQraKHTEi1SN9i
12RuaN5UvZYkMn4BiiS4mMoffe3mgjzZMU
1Hcx2ZWSA1nrp3HgAq8CFu4vyUzo1WAQCc
1NGCrVaFXanWib44ijNBR8yBoCAREGpXro
1ABvQwiuCnySQqBzruaAcdrkgYae9LoqWz
1DKhy7jj8oB53iGZYrWzDSfcVoKHjsuxaa
1LNL1Zrg5h2z8m9c48fgdMx2uXmN3S5Kch
1AYNWHyhakgigfVaEYx1h87o1mjksWcnkH
167fASsEEnKszkd8PdNRMB1HWTnxcNRgbR
1F5uDaCF8ZP6kiLHvDhWsSNPHP6kwt7udi
1MPPHP3TLvD4mph9z1GpM5BamB5Pcx5HuT
17WNPSjjBxQF7gkQiFNe1yoZ1DaSgztM7K
1C7NxZ4hbt5VHwpBQyLjmQraKHTEi1SN9i
1JPR1KXGEcUYRReho3KSMMLvmtYpgC5xJc
1AXm1qkZZK8QByuPtFA5RFbRKXkf5xGhA5
1PT6X8xhyxQC1zGTuWzcHwB7iTEZHZGV71
1EZPbtmx7YiDfM2YVThbrbEgC6b86SqFL9
1LpoMowMPEVWk2LaJUdAUNaK7gBDRA1r7F
16GGzGGsTtzvUdTHoWFJtWXXWdpPWwxr3u
1C7NxZ4hbt5VHwpBQyLjmQraKHTEi1SN9i
1GixPRcADerY4KoM6FUKiW4NNgpngshvZ4
18VxknkRnvGULt3o76yoXSEpEFYKP7YY4J
1N6SqcHmzSzs1cCe4wEt7Mo84m2p74stts
13uzim3VkT6YSEGsUA7KxKkimepsaLF7ZE
1CfWWyDNUeioJc7TBnqDBDyQKJUYwT7S2Z
1Ks4roXAZj45sXRsWMfGqmAPmDoWZ9TAko
1AYNWHyhakgigfVaEYx1h87o1mjksWcnkH
1pK5e7YxixmERU617STiXgiGdnactBQrT
1F5uDaCF8ZP6kiLHvDhWsSNPHP6kwt7udi
16efV75hHY4Z8x1zLxHPjBU4sAucpDK4Vs
1MJ21NMydr9dNu65tga6oBDa6coiq3bRXz
1C7NxZ4hbt5VHwpBQyLjmQraKHTEi1SN9i
121Pb2BBrU7C61vBdWCKVuFFmaEZr6xFAX
1Hcx2ZWSA1nrp3HgAq8CFu4vyUzo1WAQCc
1ASdsZ1JUwtVXDfYBx7MRNMeHQ8J51pSRw
1NNnUkWk29x6PBMyUpRDXv4dEMNrw5qjWY
1DKhy7jj8oB53iGZYrWzDSfcVoKHjsuxaa
1LNL1Zrg5h2z8m9c48fgdMx2uXmN3S5Kch
167fASsEEnKszkd8PdNRMB1HWTnxcNRgbR
1AyjX2QpTYFnmMFnzD3A2sqosfrrMuKbcz
1Fd2fo3VYSAjUr2uXNCfoSRSeWcGX9x5Ge
17WNPSjjBxQF7gkQiFNe1yoZ1DaSgztM7K
1Mnd6HGYcoNryKT2bkaT55BPsVK1a8o49u
1CfWWyDNUeioJc7TBnqDBDyQKJUYwT7S2Z
1JvdsgxiJQYAJSE4Tjs3BWbXZk6Kw9mxnB
1AXm1qkZZK8QByuPtFA5RFbRKXkf5xGhA5
1Q4siL9KD2W8cy5eguRr5z5R1iCca27Qqv
16efV75hHY4Z8x1zLxHPjBU4sAucpDK4Vs
1EZPbtmx7YiDfM2YVThbrbEgC6b86SqFL9
1LpoMowMPEVWk2LaJUdAUNaK7gBDRA1r7F
1C7NxZ4hbt5VHwpBQyLjmQraKHTEi1SN9i
13mtCyZTnMJRJw9nt7xqbiGU7tXrvkeAJB
1Hcx2ZWSA1nrp3HgAq8CFu4vyUzo1WAQCc
18xskifRMWUtMzbHSzQi7rEWF5upmktgF2
1N6SqcHmzSzs1cCe4wEt7Mo84m2p74stts
1Cy9e1Yuwboj63XRkMkT6W6YsGDtYDrsUp
1LHVxAkzcN8BzSdrT7J2W3CCpiz5Rgj72E
161J2C45hLh6SecXoRBMbbPGJAv7VdkfEK
1AYNWHyhakgigfVaEYx1h87o1mjksWcnkH
1F5uDaCF8ZP6kiLHvDhWsSNPHP6kwt7udi
17WNPSjjBxQF7gkQiFNe1yoZ1DaSgztM7K
1MPPHP3TLvD4mph9z1GpM5BamB5Pcx5HuT
1C7NxZ4hbt5VHwpBQyLjmQraKHTEi1SN9i
1JPR1KXGEcUYRReho3KSMMLvmtYpgC5xJc
1ASdsZ1JUwtVXDfYBx7MRNMeHQ8J51pSRw
1PT6X8xhyxQC1zGTuWzcHwB7iTEZHZGV71
1ERn5JRTm5P47LzhiLCbKtduwj9M3cPE81
16DV7iL8wVyozq973rj2qA3Zw4r7mvnAKc
1LmuzUt2QkpcnwWvUNn7Yc3RHLSpqHw1yx
1BZrrPVnQibm9M357dATtTokUYP1vaosgU
17vec4jQGCzMEsTnivizHPaowE715tu2CB
1GixPRcADerY4KoM6FUKiW4NNgpngshvZ4
1N6SqcHmzSzs1cCe4wEt7Mo84m2p74stts
13uzim3VkT6YSEGsUA7KxKkimepsaLF7ZE
1CfWWyDNUeioJc7TBnqDBDyQKJUYwT7S2Z
1KmDbkBGYzotq6aVf981H6aN2F5nc1SXdQ
1AXm1qkZZK8QByuPtFA5RFbRKXkf5xGhA5
1SMEAGqpm9JSpJ6JZaM5dEBptPTNahpFa
1Emfox1WswYcd2YucUskRzqfRWKkcm1Jut
16efV75hHY4Z8x1zLxHPjBU4sAucpDK4Vs
1MJ21NMydr9dNu65tga6oBDa6coiq3bRXz
1C7NxZ4hbt5VHwpBQyLjmQraKHTEi1SN9i
13A2e3wX9MVMtP1JMxGFcbd2ZuSeVLe8uZ
1Hcx2ZWSA1nrp3HgAq8CFu4vyUzo1WAQCc
1ASdsZ1JUwtVXDfYBx7MRNMeHQ8J51pSRw
1NNnUkWk29x6PBMyUpRDXv4dEMNrw5qjWY
1DKhy7jj8oB53iGZYrWzDSfcVoKHjsuxaa
1LNL1Zrg5h2z8m9c48fgdMx2uXmN3S5Kch
1Ahu957fXXwhJ5LqmpxMFHVWwSQ7h4PkXb
167fASsEEnKszkd8PdNRMB1HWTnxcNRgbR
1F5uDaCF8ZP6kiLHvDhWsSNPHP6kwt7udi
17WNPSjjBxQF7gkQiFNe1yoZ1DaSgztM7K
1MPPHP3TLvD4mph9z1GpM5BamB5Pcx5HuT
1CJSRunQtPQsiZRK7vznyeCfyDTb2kxGA8
1JvdsgxiJQYAJSE4Tjs3BWbXZk6Kw9mxnB
1AXm1qkZZK8QByuPtFA5RFbRKXkf5xGhA5
1PWC7PNHL1SgvZaN7xEtygenKjWobWsCuf
1EZPbtmx7YiDfM2YVThbrbEgC6b86SqFL9
16GGzGGsTtzvUdTHoWFJtWXXWdpPWwxr3u
1LpoMowMPEVWk2LaJUdAUNaK7gBDRA1r7F
1C7NxZ4hbt5VHwpBQyLjmQraKHTEi1SN9i
14yjANv2HYZyWgX6iyHm2a1s2piNWzg7tc
1H3hhmQxp2eqpScyubM65HuJZ9dMnPSzqY
1N6SqcHmzSzs1cCe4wEt7Mo84m2p74stts
18c1UyaQewaUTnD4KzmayqY6JdMaQtcQxw
1CfWWyDNUeioJc7TBnqDBDyQKJUYwT7S2Z
1LH2DVjCpp9FD62puC9x5ZujonPSmnbkGd
1AYNWHyhakgigfVaEYx1h87o1mjksWcnkH
16efV75hHY4Z8x1zLxHPjBU4sAucpDK4Vs
1F5uDaCF8ZP6kiLHvDhWsSNPHP6kwt7udi
1MJ21NMydr9dNu65tga6oBDa6coiq3bRXz
1C7NxZ4hbt5VHwpBQyLjmQraKHTEi1SN9i
12RuaN5UvZYkMn4BiiS4mMoffe3mgjzZMU
1Hcx2ZWSA1nrp3HgAq8CFu4vyUzo1WAQCc
1ASdsZ1JUwtVXDfYBx7MRNMeHQ8J51pSRw
1NtbgQ61TH579orJQEpAZ4zGvgyzLX4L39
167fASsEEnKszkd8PdNRMB1HWTnxcNRgbR
1ERn5JRTm5P47LzhiLCbKtduwj9M3cPE81
1LNL1Zrg5h2z8m9c48fgdMx2uXmN3S5Kch
1BXH2Xida1orS5GpXdniMrwZFbi5iznM92
13mtCyZTnMJRJw9nt7xqbiGU7tXrvkeAJB
1GJt2nDUrVinYyDFJuWMkkK1Urod5nH72F
1N6SqcHmzSzs1cCe4wEt7Mo84m2p74stts
17WNPSjjBxQF7gkQiFNe1yoZ1DaSgztM7K
1CfWWyDNUeioJc7TBnqDBDyQKJUYwT7S2Z
1JvdsgxiJQYAJSE4Tjs3BWbXZk6Kw9mxnB
1AXm1qkZZK8QByuPtFA5RFbRKXkf5xGhA5
1Q4siL9KD2W8cy5eguRr5z5R1iCca27Qqv
1EZPbtmx7YiDfM2YVThbrbEgC6b86SqFL9
16efV75hHY4Z8x1zLxHPjBU4sAucpDK4Vs
1LpoMowMPEVWk2LaJUdAUNaK7gBDRA1r7F
1C7NxZ4hbt5VHwpBQyLjmQraKHTEi1SN9i
12RuaN5UvZYkMn4BiiS4mMoffe3mgjzZMU
1Hcx2ZWSA1nrp3HgAq8CFu4vyUzo1WAQCc
1A9qwtctYmYrCKSegy7RrNCUJxuohwFQmD
1NGCrVaFXanWib44ijNBR8yBoCAREGpXro
1DKhy7jj8oB53iGZYrWzDSfcVoKHjsuxaa
1LNL1Zrg5h2z8m9c48fgdMx2uXmN3S5Kch
1AYNWHyhakgigfVaEYx1h87o1mjksWcnkH
161J2C45hLh6SecXoRBMbbPGJAv7VdkfEK
1F5uDaCF8ZP6kiLHvDhWsSNPHP6kwt7udi
1MPPHP3TLvD4mph9z1GpM5BamB5Pcx5HuT
17WNPSjjBxQF7gkQiFNe1yoZ1DaSgztM7K
1C7NxZ4hbt5VHwpBQyLjmQraKHTEi1SN9i
1JPR1KXGEcUYRReho3KSMMLvmtYpgC5xJc
1ASdsZ1JUwtVXDfYBx7MRNMeHQ8J51pSRw
1PT6X8xhyxQC1zGTuWzcHwB7iTEZHZGV71
1EZPbtmx7YiDfM2YVThbrbEgC6b86SqFL9
1LpoMowMPEVWk2LaJUdAUNaK7gBDRA1r7F
16GGzGGsTtzvUdTHoWFJtWXXWdpPWwxr3u
1C7NxZ4hbt5VHwpBQyLjmQraKHTEi1SN9i
1GixPRcADerY4KoM6FUKiW4NNgpngshvZ4
17vec4jQGCzMEsTnivizHPaowE715tu2CB
1N6SqcHmzSzs1cCe4wEt7Mo84m2p74stts
13uzim3VkT6YSEGsUA7KxKkimepsaLF7ZE
1CfWWyDNUeioJc7TBnqDBDyQKJUYwT7S2Z
1KmDbkBGYzotq6aVf981H6aN2F5nc1SXdQ
1AYNWHyhakgigfVaEYx1h87o1mjksWcnkH
1SMEAGqpm9JSpJ6JZaM5dEBptPTNahpFa
1EpJKJbpeoXnYGtoB8F6re78FMAtvNRWMf
16efV75hHY4Z8x1zLxHPjBU4sAucpDK4Vs
1MJ21NMydr9dNu65tga6oBDa6coiq3bRXz
1C7NxZ4hbt5VHwpBQyLjmQraKHTEi1SN9i
121Pb2BBrU7C61vBdWCKVuFFmaEZr6xFAX
1Hcx2ZWSA1nrp3HgAq8CFu4vyUzo1WAQCc
1ASdsZ1JUwtVXDfYBx7MRNMeHQ8J51pSRw
1NNnUkWk29x6PBMyUpRDXv4dEMNrw5qjWY
1DKhy7jj8oB53iGZYrWzDSfcVoKHjsuxaa
1LNL1Zrg5h2z8m9c48fgdMx2uXmN3S5Kch
1AyjX2QpTYFnmMFnzD3A2sqosfrrMuKbcz
167fASsEEnKszkd8PdNRMB1HWTnxcNRgbR
1F5uDaCF8ZP6kiLHvDhWsSNPHP6kwt7udi
17WNPSjjBxQF7gkQiFNe1yoZ1DaSgztM7K
1Mdu9MbAEsUm81NzEPQR7GCkUxbG39pWMy
1CbZoBeFBEsvVMb3r6sijaAG8djBFhxWwp
1JvdsgxiJQYAJSE4Tjs3BWbXZk6Kw9mxnB
1AXm1qkZZK8QByuPtFA5RFbRKXkf5xGhA5
1Pz1K3res89p4GF3N26gz93CzbyWUcjEAb
16efV75hHY4Z8x1zLxHPjBU4sAucpDK4Vs
1EZPbtmx7YiDfM2YVThbrbEgC6b86SqFL9
1LpoMowMPEVWk2LaJUdAUNaK7gBDRA1r7F
1C7NxZ4hbt5VHwpBQyLjmQraKHTEi1SN9i
13mtCyZTnMJRJw9nt7xqbiGU7tXrvkeAJB
1HKvhSWL4CAZcw4cN4FwRo8HXUifKm3N2J
18xskifRMWUtMzbHSzQi7rEWF5upmktgF2
1N6SqcHmzSzs1cCe4wEt7Mo84m2p74stts
1CfWWyDNUeioJc7TBnqDBDyQKJUYwT7S2Z
1LHVxAkzcN8BzSdrT7J2W3CCpiz5Rgj72E
1AYNWHyhakgigfVaEYx1h87o1mjksWcnkH
15QBmuWuviM3ZUGtJcukpytpZxvdjiPkCA
1F5uDaCF8ZP6kiLHvDhWsSNPHP6kwt7udi
1MPPHP3TLvD4mph9z1GpM5BamB5Pcx5HuT
17WNPSjjBxQF7gkQiFNe1yoZ1DaSgztM7K
1C7NxZ4hbt5VHwpBQyLjmQraKHTEi1SN9i
1JPR1KXGEcUYRReho3KSMMLvmtYpgC5xJc
1PCCUU9XtWtnWU5KWbfu5hEZH36suD8rTd
1ASdsZ1JUwtVXDfYBx7MRNMeHQ8J51pSRw
1ERn5JRTm5P47LzhiLCbKtduwj9M3cPE81
1LNL1Zrg5h2z8m9c48fgdMx2uXmN3S5Kch
167fASsEEnKszkd8PdNRMB1HWTnxcNRgbR
1BXH2Xida1orS5GpXdniMrwZFbi5iznM92
1GixPRcADerY4KoM6FUKiW4NNgpngshvZ4
17vec4jQGCzMEsTnivizHPaowE715tu2CB
1N6SqcHmzSzs1cCe4wEt7Mo84m2p74stts
1CfWWyDNUeioJc7TBnqDBDyQKJUYwT7S2Z
1KZBFKD7NpV7ndufLZfKDdQgRz8nfXEBDm
1AXm1qkZZK8QByuPtFA5RFbRKXkf5xGhA5
1SMEAGqpm9JSpJ6JZaM5dEBptPTNahpFa
13uzim3VkT6YSEGsUA7KxKkimepsaLF7ZE
1Emfox1WswYcd2YucUskRzqfRWKkcm1Jut
1M77B5gC242QJogTwn62oASgz8j8d79M2U
16efV75hHY4Z8x1zLxHPjBU4sAucpDK4Vs
1C7NxZ4hbt5VHwpBQyLjmQraKHTEi1SN9i
1Hcx2ZWSA1nrp3HgAq8CFu4vyUzo1WAQCc
1ASdsZ1JUwtVXDfYBx7MRNMeHQ8J51pSRw
1NGCrVaFXanWib44ijNBR8yBoCAREGpXro
167fASsEEnKszkd8PdNRMB1HWTnxcNRgbR
1DKhy7jj8oB53iGZYrWzDSfcVoKHjsuxaa
1LNL1Zrg5h2z8m9c48fgdMx2uXmN3S5Kch
1AYNWHyhakgigfVaEYx1h87o1mjksWcnkH
17WNPSjjBxQF7gkQiFNe1yoZ1DaSgztM7K
1F5uDaCF8ZP6kiLHvDhWsSNPHP6kwt7udi
1MPPHP3TLvD4mph9z1GpM5BamB5Pcx5HuT
1C7NxZ4hbt5VHwpBQyLjmQraKHTEi1SN9i
1JPR1KXGEcUYRReho3KSMMLvmtYpgC5xJc
1AXm1qkZZK8QByuPtFA5RFbRKXkf5xGhA5
1PT6X8xhyxQC1zGTuWzcHwB7iTEZHZGV71
12RuaN5UvZYkMn4BiiS4mMoffe3mgjzZMU
1EZPbtmx7YiDfM2YVThbrbEgC6b86SqFL9
1LpoMowMPEVWk2LaJUdAUNaK7gBDRA1r7F
1C7NxZ4hbt5VHwpBQyLjmQraKHTEi1SN9i
16GGzGGsTtzvUdTHoWFJtWXXWdpPWwxr3u
1GixPRcADerY4KoM6FUKiW4NNgpngshvZ4
18VxknkRnvGULt3o76yoXSEpEFYKP7YY4J
1N6SqcHmzSzs1cCe4wEt7Mo84m2p74stts
1CfWWyDNUeioJc7TBnqDBDyQKJUYwT7S2Z
1Ks4roXAZj45sXRsWMfGqmAPmDoWZ9TAko
13uzim3VkT6YSEGsUA7KxKkimepsaLF7ZE
1pK5e7YxixmERU617STiXgiGdnactBQrT
1AYNWHyhakgigfVaEYx1h87o1mjksWcnkH
1F5uDaCF8ZP6kiLHvDhWsSNPHP6kwt7udi
1MJ21NMydr9dNu65tga6oBDa6coiq3bRXz
16efV75hHY4Z8x1zLxHPjBU4sAucpDK4Vs
1C7NxZ4hbt5VHwpBQyLjmQraKHTEi1SN9i
12RuaN5UvZYkMn4BiiS4mMoffe3mgjzZMU
1Hcx2ZWSA1nrp3HgAq8CFu4vyUzo1WAQCc
1NtTPVVjDsUfDWybS4BwvHpG2pdS9RnYyQ
1ASdsZ1JUwtVXDfYBx7MRNMeHQ8J51pSRw
1DKhy7jj8oB53iGZYrWzDSfcVoKHjsuxaa
1LNL1Zrg5h2z8m9c48fgdMx2uXmN3S5Kch
1B2fZN58SD4JqaTitHmBLcSo89GfUtvWZ3
167fASsEEnKszkd8PdNRMB1HWTnxcNRgbR
1GJt2nDUrVinYyDFJuWMkkK1Urod5nH72F
17WNPSjjBxQF7gkQiFNe1yoZ1DaSgztM7K
1Mnd6HGYcoNryKT2bkaT55BPsVK1a8o49u
1CfWWyDNUeioJc7TBnqDBDyQKJUYwT7S2Z
1JvdsgxiJQYAJSE4Tjs3BWbXZk6Kw9mxnB
1AXm1qkZZK8QByuPtFA5RFbRKXkf5xGhA5
1Q4siL9KD2W8cy5eguRr5z5R1iCca27Qqv
16efV75hHY4Z8x1zLxHPjBU4sAucpDK4Vs
1EZPbtmx7YiDfM2YVThbrbEgC6b86SqFL9
1LpoMowMPEVWk2LaJUdAUNaK7gBDRA1r7F
1C7NxZ4hbt5VHwpBQyLjmQraKHTEi1SN9i
13mtCyZTnMJRJw9nt7xqbiGU7tXrvkeAJB
1Hcx2ZWSA1nrp3HgAq8CFu4vyUzo1WAQCc
199BUHDPHwpzyzVzmTw6V2jeqYfEpVuwMu
1N6SqcHmzSzs1cCe4wEt7Mo84m2p74stts
1Cy9e1Yuwboj63XRkMkT6W6YsGDtYDrsUp
1LHVxAkzcN8BzSdrT7J2W3CCpiz5Rgj72E
161J2C45hLh6SecXoRBMbbPGJAv7VdkfEK
1AYNWHyhakgigfVaEYx1h87o1mjksWcnkH
1F5uDaCF8ZP6kiLHvDhWsSNPHP6kwt7udi
17WNPSjjBxQF7gkQiFNe1yoZ1DaSgztM7K
1MPPHP3TLvD4mph9z1GpM5BamB5Pcx5HuT
1C7NxZ4hbt5VHwpBQyLjmQraKHTEi1SN9i
1JPR1KXGEcUYRReho3KSMMLvmtYpgC5xJc
1ASdsZ1JUwtVXDfYBx7MRNMeHQ8J51pSRw
1PT6X8xhyxQC1zGTuWzcHwB7iTEZHZGV71
1EZPbtmx7YiDfM2YVThbrbEgC6b86SqFL9
16DV7iL8wVyozq973rj2qA3Zw4r7mvnAKc
1LpoMowMPEVWk2LaJUdAUNaK7gBDRA1r7F
1BZrrPVnQibm9M357dATtTokUYP1vaosgU
17vec4jQGCzMEsTnivizHPaowE715tu2CB
1GixPRcADerY4KoM6FUKiW4NNgpngshvZ4
1N6SqcHmzSzs1cCe4wEt7Mo84m2p74stts
13uzim3VkT6YSEGsUA7KxKkimepsaLF7ZE
1CfWWyDNUeioJc7TBnqDBDyQKJUYwT7S2Z
1KmDbkBGYzotq6aVf981H6aN2F5nc1SXdQ
1AYNWHyhakgigfVaEYx1h87o1mjksWcnkH
1SMEAGqpm9JSpJ6JZaM5dEBptPTNahpFa
1Emfox1WswYcd2YucUskRzqfRWKkcm1Jut
16efV75hHY4Z8x1zLxHPjBU4sAucpDK4Vs
1MJ21NMydr9dNu65tga6oBDa6coiq3bRXz
1C7NxZ4hbt5VHwpBQyLjmQraKHTEi1SN9i
121Pb2BBrU7C61vBdWCKVuFFmaEZr6xFAX
1Hcx2ZWSA1nrp3HgAq8CFu4vyUzo1WAQCc
1ASdsZ1JUwtVXDfYBx7MRNMeHQ8J51pSRw
1NNnUkWk29x6PBMyUpRDXv4dEMNrw5qjWY
1DKhy7jj8oB53iGZYrWzDSfcVoKHjsuxaa
1LNL1Zrg5h2z8m9c48fgdMx2uXmN3S5Kch
1Ahu957fXXwhJ5LqmpxMFHVWwSQ7h4PkXb
167fASsEEnKszkd8PdNRMB1HWTnxcNRgbR
1F5uDaCF8ZP6kiLHvDhWsSNPHP6kwt7udi
17WNPSjjBxQF7gkQiFNe1yoZ1DaSgztM7K
1MPPHP3TLvD4mph9z1GpM5BamB5Pcx5HuT
1CJSRunQtPQsiZRK7vznyeCfyDTb2kxGA8
1JvdsgxiJQYAJSE4Tjs3BWbXZk6Kw9mxnB
1AXm1qkZZK8QByuPtFA5RFbRKXkf5xGhA5
1Pz1K3res89p4GF3N26gz93CzbyWUcjEAb
1EZPbtmx7YiDfM2YVThbrbEgC6b86SqFL9
16GGzGGsTtzvUdTHoWFJtWXXWdpPWwxr3u
1LpoMowMPEVWk2LaJUdAUNaK7gBDRA1r7F
1C7NxZ4hbt5VHwpBQyLjmQraKHTEi1SN9i
13TRk2LRQuPH926Dq4u1uL63gUvfX5wRN3
1HAXbT4oDvnqH4no64bhttnEdmaHzpxbaH
18hmGQL2MPqKFUUcjetzmxgTUbdGBV6dAy
1N6SqcHmzSzs1cCe4wEt7Mo84m2p74stts
1CfWWyDNUeioJc7TBnqDBDyQKJUYwT7S2Z
1LHVxAkzcN8BzSdrT7J2W3CCpiz5Rgj72E
1AYNWHyhakgigfVaEYx1h87o1mjksWcnkH
167fASsEEnKszkd8PdNRMB1HWTnxcNRgbR
1F5uDaCF8ZP6kiLHvDhWsSNPHP6kwt7udi
1MJ21NMydr9dNu65tga6oBDa6coiq3bRXz
1ASdsZ1JUwtVXDfYBx7MRNMeHQ8J51pSRw
1Hcx2ZWSA1nrp3HgAq8CFu4vyUzo1WAQCc
1C7NxZ4hbt5VHwpBQyLjmQraKHTEi1SN9i
1NtbgQ61TH579orJQEpAZ4zGvgyzLX4L39
16u9sAACz2dENfCaV9ZDXeiHPifvjdxikn
1ERn5JRTm5P47LzhiLCbKtduwj9M3cPE81
1LNL1Zrg5h2z8m9c48fgdMx2uXmN3S5Kch
1BXH2Xida1orS5GpXdniMrwZFbi5iznM92
_endcoins
